ObjectID,Latitude,Longitude,Ca,Mg,Na,K,HCO3,CO3,Cl,SO4,cat_hex,an_hex,diamond_hex
0,-27.44462849,151.3795648,97.0,133.0,684.0,5.8,453.0,6.0,1170.0,184.0,#5cff80,#58ff43,#60aaff
1,-27.18591722,151.159983,39.0,34.0,65.0,2.2,204.0,0.1,133.0,17.5,#d2fffb,#ecff49,#edbfff
2,-26.84135524,150.4440079,12.0,11.0,79.0,0.8,129.0,0.1,92.0,4.1,#56ff66,#ddff3b,#a0ffbb
3,-27.55535965,151.36998369999998,38.0,27.0,88.0,1.8,378.0,5.1,46.0,8.9,#b1ffbc,#ff4824,#fff96c
4,-27.21702802,151.18748300000001,57.0,72.0,569.0,3.4,427.0,2.2,821.0,138.0,#43ff5a,#6eff4c,#63e8ff
5,-28.22627959,152.0589985,83.0,59.0,44.5,1.5,500.0,6.2,85.0,7.9,#e9a1ff,#ff5f29,#ff546e
6,-26.77042197,150.93777839999998,15.0,7.8,660.0,5.2,810.0,5.1,630.0,3.1,#0bff0a,#d2ff37,#34ff50
7,-26.69644197,150.8616896,125.0,190.0,1400.0,6.0,630.0,11.5,2500.0,180.0,#41ff5e,#3aff26,#46bdff
8,-27.14867481,151.1737899,33.0,46.0,780.0,2.0,880.0,31.5,780.0,175.0,#20ff2c,#c9ff60,#55ff8d
9,-27.384379100000004,151.2950764,42.0,64.0,445.0,2.0,445.0,2.9,580.0,180.0,#44ff63,#99ff73,#76fcff
10,-27.11742862,151.1907881,3.7,7.4,66.1,2.7,26.6,0.0,110.2,9.1,#2fff4c,#37ff27,#3dd2ff
11,-27.40455738,151.2858324,41.0,36.0,145.0,2.0,475.0,3.1,100.0,52.0,#8bffa2,#ff7c53,#eaffa9
12,-27.19460969,151.29602580000002,69.0,72.0,710.0,4.5,550.0,6.2,1100.0,92.0,#3cff4c,#64ff36,#5ef9ff
13,-27.75382222,151.44974630000002,62.0,31.0,86.0,1.3,465.0,0.3,82.0,5.0,#e8ffd6,#ff6429,#ffd081
14,-27.42838885,151.268929,30.0,27.0,140.0,1.0,465.0,2.6,75.0,24.0,#72ff86,#ff5f35,#d7ff7f
15,-27.21331078,151.19399280000002,9.1,2.9,396.0,3.7,489.5,7.0,309.0,31.0,#0bff08,#f6ff43,#32ff3e
16,-27.20751586,151.19663930000002,15.0,7.8,660.0,5.2,810.0,5.1,630.0,3.1,#0bff0a,#d2ff37,#34ff50
17,-28.24059275,152.0875889,37.5,15.5,47.5,8.2,160.0,0.4,100.0,0.0,#e7ffc3,#f4ff38,#f9d7ff
18,-28.2259952,152.0505176,85.0,55.0,54.0,1.0,480.0,3.6,125.0,2.1,#f7b8ff,#ff892f,#ff6c9b
19,-27.82357254,151.5153139,78.0,74.0,149.0,1.5,532.0,2.0,280.0,23.0,#c6fff7,#ffed3f,#ffcdfa
20,-27.10294275,151.0168812,44.0,49.0,700.0,4.6,315.0,4.4,1100.0,4.0,#29ff35,#3dff1b,#3ef4ff
21,-27.22755523,151.0552068,38.0,20.0,275.0,2.8,320.0,2.1,360.0,2.0,#41ff3d,#9eff32,#76ffc6
22,-27.82914966,151.55087369999998,62.0,60.0,465.0,1.5,620.0,3.0,600.0,78.0,#4eff5f,#b1ff49,#8dffdb
23,-27.19530662,151.03619,22.0,13.0,380.0,3.0,360.0,2.0,460.0,2.0,#1cff1b,#8eff30,#48ffa0
24,-27.11641891,151.09700680000003,33.0,35.0,360.0,2.8,390.0,3.3,400.0,140.0,#3aff49,#b5ff7f,#70ffd2
25,-27.24175058,151.158039,18.0,14.0,230.0,1.0,465.0,4.1,120.0,62.0,#2bff30,#ff9160,#87ff5e
26,-27.61813284,151.23541,20.0,9.4,86.0,1.2,260.0,0.9,41.0,3.0,#68ff5e,#ff5a26,#c6ff69
27,-27.16717339,151.2189916,82.2,110.0,998.0,1.1,361.1,11.3,1661.0,170.0,#3aff50,#36ff2b,#3ec6ff
28,-28.34801448,152.1488179,86.8,42.1,45.1,1.7,273.1,1.0,126.4,22.5,#ffb0e2,#ffd84b,#ff75f4
29,-27.237583899999997,151.1588724,23.0,25.0,300.0,2.0,450.0,3.4,265.0,70.0,#31ff3f,#ffff62,#71ff83
30,-27.38167739,151.2170642,27.0,17.0,81.0,1.3,295.0,1.0,56.0,8.7,#8eff91,#ff6a30,#e8ff8b
31,-27.70803457,151.321293,34.0,18.0,92.0,2.0,235.0,0.6,115.0,2.6,#97ff8f,#ffe239,#e9ffdb
32,-27.71300566,151.3124882,34.0,18.0,102.0,2.0,227.0,0.4,142.0,5.0,#8cff85,#f3ff3b,#d5ffe0
33,-27.69840705,151.3176029,34.0,18.0,93.0,2.0,235.0,0.6,125.0,4.0,#96ff8e,#ffef3a,#e5ffdf
34,-27.19825051,151.11456040000002,34.0,34.0,300.0,0.8,475.0,6.7,330.0,61.0,#45ff54,#e6ff54,#8bffa9
35,-27.24760138,151.1793724,26.0,31.0,318.0,2.0,421.0,2.9,340.0,70.0,#37ff48,#cdff5b,#77ffab
36,-27.27297778,151.1107924,160.0,78.0,520.0,2.0,780.0,2.5,810.0,130.0,#84ff79,#a9ff51,#a6e3ff
37,-27.06979958,150.99869619999998,46.0,46.0,912.0,6.0,484.0,1.7,1380.0,15.0,#1fff27,#48ff1f,#3affee
38,-28.20046283,152.01478459999998,76.0,51.0,140.0,2.0,580.0,5.1,150.0,8.5,#caffd2,#ff8831,#ffe0a3
39,-27.59063829,151.2922073,28.0,14.0,90.0,1.1,320.0,3.4,54.0,3.1,#85ff7b,#ff5f27,#dbff77
40,-27.66402757,151.2363874,15.0,8.0,62.0,1.0,200.0,0.1,31.0,3.0,#6cff67,#ff5a27,#ccff6d
41,-27.66796568,151.24107949999998,14.0,8.0,68.0,1.0,210.0,1.0,35.0,4.0,#5eff5c,#ff5f29,#c4ff6d
42,-27.26144722,151.170609,14.0,15.0,204.0,1.3,358.0,7.6,144.0,30.0,#2cff38,#ffbe4b,#7dff66
43,-27.7246617,151.3375264,37.0,20.0,100.0,1.8,271.0,0.6,123.0,1.0,#98ff91,#ffd638,#ebffd6
44,-27.80622523,151.50353159999997,31.5,31.0,165.0,1.7,470.0,6.9,130.0,10.0,#6aff81,#ff8e34,#d2ff98
45,-27.55890528,151.2565397,25.5,13.0,100.0,1.0,300.0,1.8,69.0,7.1,#71ff69,#ff7b31,#ceff8a
46,-27.09768691,151.22976090000003,21.0,19.0,250.0,1.3,470.0,3.5,195.0,11.0,#31ff3a,#ffc63a,#86ff6c
47,-27.21953935,151.12188559999998,41.0,30.0,340.0,1.3,445.0,11.5,360.0,100.0,#3fff45,#d4ff6c,#7dffb4
48,-27.08318809,151.14361609999997,46.0,62.0,690.0,4.0,370.0,7.0,1050.0,100.0,#30ff42,#4eff33,#49f0ff
49,-27.14195149,151.186992,42.0,52.0,716.0,5.0,418.0,4.4,1050.0,50.0,#29ff36,#51ff29,#47fff7
50,-27.48884443,151.31039219999997,38.0,35.0,111.0,1.0,459.0,1.9,60.0,38.0,#a0ffbe,#ff553e,#fdff86
51,-27.25541199,151.155568,19.0,16.0,222.0,1.5,397.0,2.7,180.0,35.0,#31ff38,#ffd44d,#78ff6d
52,-27.23036162,151.16387230000004,24.0,31.0,325.0,2.0,435.0,2.8,350.0,71.0,#33ff46,#ceff5a,#74ffa7
53,-27.49306666,151.2649765,33.0,20.0,122.0,1.2,401.0,0.5,59.0,5.0,#77ff77,#ff5625,#d7ff6e
54,-27.37464312,151.2097341,24.0,15.0,72.0,1.2,266.0,0.7,46.0,3.0,#8eff90,#ff6228,#e8ff7e
55,-27.58728166,151.3760762,39.0,24.0,86.0,1.5,370.0,2.1,55.0,4.0,#b0ffb1,#ff5625,#fffb76
56,-27.55228441,151.2481616,25.0,14.0,113.0,1.0,314.0,1.6,75.0,11.0,#65ff61,#ff8036,#c7ff89
57,-27.26778841,151.178448,20.0,20.0,170.0,1.3,360.0,2.3,130.0,30.0,#47ff57,#ffb34c,#a5ff89
58,-27.65817208,151.27266569999998,17.0,8.4,86.0,1.4,235.0,1.0,45.0,3.9,#5aff53,#ff6a2c,#bdff6f
59,-27.77701417,151.480959,41.0,31.5,150.0,1.5,495.0,3.0,86.0,11.5,#83ff90,#ff622c,#e1ff80
60,-27.49725564,151.3716215,47.0,46.0,171.0,4.0,463.0,1.3,197.0,34.0,#8bffa9,#ffcb49,#edffdc
61,-27.47654272,151.38013569999998,49.0,76.0,358.0,7.0,475.0,0.7,486.0,112.0,#5bff87,#aeff63,#9cf0ff
62,-27.70119279,151.40831719999997,49.0,26.0,76.0,1.8,405.0,2.3,63.0,2.0,#daffcf,#ff5924,#ffdc76
63,-27.55223561,151.2903238,33.0,20.0,95.0,1.5,355.0,2.0,64.0,6.0,#91ff91,#ff652a,#eaff83
64,-27.69763099,151.3457184,44.0,23.0,89.0,2.0,310.0,1.0,110.0,3.0,#baffaf,#ffb136,#fffbc6
65,-27.76704877,151.39778940000002,63.0,29.0,100.0,2.5,280.0,1.5,105.0,12.0,#d6ffbf,#ffb73e,#ffe0ce
66,-27.597256899999994,151.2871355,27.0,14.0,105.0,1.0,310.0,1.3,80.0,5.0,#72ff6b,#ff8832,#cfff91
67,-27.37485866,151.22821000000002,3.2,24.0,485.0,1.5,156.0,206.4,416.0,3.0,#12ff23,#dbff38,#44ff5b
68,-27.84934446,151.4009166,55.0,35.5,130.0,1.0,445.0,2.2,130.0,10.0,#abffaf,#ff9635,#ffffb4
69,-26.84014249,150.8774881,135.0,180.0,1550.0,2.8,810.0,6.0,2650.0,210.0,#3dff53,#43ff2b,#4ad1ff
70,-27.56765358,151.2392863,50.0,22.0,133.0,2.0,407.0,0.9,110.0,22.0,#98ff86,#ff8f3f,#e5ffad
71,-27.62258193,151.396928,108.0,212.0,2220.0,1.5,561.0,2.2,3900.0,14.0,#2bff43,#20ff0f,#2ecaff
72,-27.33047318,151.35198400000002,30.0,39.0,433.0,1.0,720.0,2.8,370.0,107.0,#31ff42,#ffea63,#72ff79
73,-28.22395523,152.04961310000002,115.0,73.0,63.0,0.7,540.0,4.4,210.0,4.8,#f9a9ff,#ffbd37,#ff6cd2
74,-28.2112445,152.0381915,280.2,153.6,372.6,2.7,499.0,2.7,1134.0,43.7,#eeffe5,#57ff29,#926aff
75,-27.58953158,151.3067504,41.0,23.0,73.0,1.1,370.0,5.1,50.0,2.9,#caffc4,#ff4e22,#ffe96d
76,-27.65497443,151.3229532,32.5,17.0,74.0,1.1,325.0,1.6,49.0,2.0,#acffa2,#ff5724,#f8ff74
77,-27.46662124,151.3972523,94.0,148.0,900.0,6.0,549.0,0.0,1520.0,270.0,#4bff6e,#53ff44,#55b9ff
78,-27.63355173,151.3171606,34.0,18.0,85.0,1.3,335.0,1.1,39.0,3.2,#a1ff98,#ff461f,#f0ff64
79,-27.53976626,151.288888,30.0,19.0,92.0,1.0,345.0,4.2,54.0,7.0,#8dff8f,#ff5928,#e7ff78
80,-28.08205865,151.81284519999997,130.0,105.0,165.0,1.8,355.0,2.2,590.0,6.9,#e1ebff,#72ff2b,#b078ff
81,-28.23210943,152.06406619999998,46.0,27.0,213.0,1.0,357.0,1.3,255.0,8.0,#63ff62,#deff3a,#abffc5
82,-28.18430649,151.9757944,62.0,45.0,61.0,0.9,365.0,5.5,110.0,7.0,#ebddff,#ff9835,#ff8baa
83,-27.07881173,151.13400049999998,46.0,61.0,740.0,4.0,385.0,4.6,1050.0,100.0,#2cff3d,#50ff33,#47f8ff
84,-27.60301054,151.3125908,46.0,23.0,66.0,1.2,365.0,2.5,51.0,2.0,#e4ffd3,#ff5122,#ffd66e
85,-27.43418056,151.50549809999998,36.0,59.0,518.0,2.0,701.0,3.1,530.0,150.0,#36ff50,#d8ff6d,#7bffaf
86,-27.13687737,151.14648490000002,54.0,105.0,890.0,7.0,240.0,2.2,1650.0,91.0,#33ff51,#23ff19,#31b9ff
87,-27.59963065,151.23787109999998,22.0,10.0,92.0,1.5,285.0,1.9,57.0,5.0,#6aff5e,#ff6e2d,#c6ff79
88,-27.17320128,151.11360200000001,96.0,82.0,548.0,4.0,359.0,3.4,1000.0,80.0,#5fff6d,#4dff2f,#5cb2ff
89,-27.69163446,151.328582,35.0,18.0,92.0,1.5,252.0,4.4,93.0,4.7,#9bff91,#ffb237,#ecffc2
90,-27.15840855,151.18268480000003,36.0,33.0,467.0,1.0,598.0,5.6,460.0,106.0,#2eff37,#d6ff60,#68ff97
91,-27.65230654,151.30772119999997,29.0,14.5,85.0,1.4,250.0,3.0,93.0,2.5,#8fff84,#ffb536,#e2ffbb
92,-27.29009885,151.25121030000003,43.0,58.0,420.0,3.9,460.0,7.2,580.0,100.0,#46ff61,#96ff53,#7dfff3
93,-27.12979714,151.24663180000002,51.0,49.0,310.0,4.2,495.0,6.6,415.0,38.0,#5dff70,#c8ff42,#a5ffd9
94,-27.56848826,151.3133427,36.0,24.0,100.0,1.0,400.0,4.9,60.0,7.0,#9affa0,#ff5526,#f1ff76
95,-27.55939843,151.2666977,24.0,12.0,94.0,0.9,295.0,10.0,53.0,5.3,#71ff69,#ff6029,#ceff74
96,-27.67555349,151.27925349999998,18.0,9.2,83.0,1.6,220.0,0.8,59.0,6.0,#62ff5b,#ff8d35,#c1ff8a
97,-27.62647181,151.2558191,20.0,10.0,89.0,1.3,243.0,0.5,65.0,6.0,#65ff5d,#ff8d35,#c3ff8c
98,-27.44465765,151.5511732,9.9,20.6,399.3,0.1,638.3,18.4,243.6,66.4,#18ff26,#ffb553,#63ff49
99,-27.79828005,151.43228280000002,74.0,34.5,110.0,2.4,540.0,6.3,80.0,3.8,#dfffc8,#ff5524,#ffde73
100,-27.61535876,151.247387,17.0,9.1,90.0,1.2,245.0,0.6,60.0,5.0,#57ff53,#ff8332,#bbff7d
101,-27.33850056,151.18962150000002,52.0,36.0,170.0,0.0,470.0,2.8,170.0,38.0,#8bff93,#ffb34b,#e7ffca
102,-27.69588351,151.3784064,71.0,32.0,85.0,1.8,400.0,1.5,125.0,13.0,#f9ffd8,#ff9f39,#ffb4ae
103,-27.66415368,151.3875076,47.0,24.0,81.0,2.0,388.0,1.2,65.0,5.0,#cdffbf,#ff5f28,#ffeb80
104,-27.27552331,151.1507195,49.0,29.0,250.0,2.0,560.0,4.3,205.0,56.0,#5bff5a,#ffb553,#b6ff9d
105,-27.119250399999995,151.25498059999998,43.0,41.0,315.0,2.3,640.0,8.5,290.0,45.0,#4fff5f,#ffd247,#a6ff97
106,-27.56072228,151.3128508,38.0,27.0,101.0,1.0,425.0,0.8,54.0,10.0,#a2ffad,#ff4c26,#f8ff6f
107,-27.69449087,151.3518326,57.0,30.0,87.0,1.3,351.0,1.2,130.0,2.0,#ddffd1,#ffb736,#ffd0c1
108,-27.68421371,151.34579730000002,50.0,28.0,88.0,1.0,351.0,1.5,115.0,1.0,#cbffc5,#ffa634,#ffe5b9
109,-27.67722155,151.34344850000002,55.0,31.0,100.0,1.0,363.0,1.6,145.0,1.0,#c7ffc2,#ffc236,#ffe6ce
110,-27.57420286,151.3768517,165.0,100.0,190.0,0.7,195.0,2.0,415.0,500.0,#fefffe,#7effed,#7d48ff
111,-27.48446069,151.3053844,44.0,36.0,106.0,1.0,444.0,0.9,48.0,35.0,#b2ffc9,#ff4939,#fff47b
112,-27.557137199999996,151.25080269999998,26.5,13.0,105.0,1.2,315.0,1.2,70.0,7.6,#70ff67,#ff7831,#ccff86
113,-27.44360898,151.3737045,66.0,83.0,420.0,4.0,465.0,2.3,700.0,105.0,#61ff83,#81ff4b,#84cfff
114,-28.20155291,151.96786369999998,25.0,23.0,57.0,0.7,280.0,2.4,35.0,7.3,#b8ffdd,#ff4a26,#ffe76f
115,-27.54590975,151.2945602,30.0,21.0,110.0,1.0,395.0,1.7,52.0,13.0,#7fff87,#ff4f2a,#ddff70
116,-27.36396954,151.2812332,29.0,35.0,205.0,2.0,470.0,2.2,165.0,51.0,#58ff75,#ffb157,#beffa4
117,-27.60099641,151.3908093,37.0,26.0,96.0,1.2,401.0,0.8,65.0,7.0,#a4ffae,#ff5d29,#faff7e
118,-27.34978943,151.3717009,27.0,43.0,410.0,1.0,756.0,2.9,335.0,80.0,#33ff4b,#ffd254,#83ff78
119,-27.57011558,151.3476726,39.0,25.0,80.0,1.3,380.0,5.5,41.0,5.0,#bbffbf,#ff401e,#fff261
120,-27.76897056,151.40480280000003,68.0,31.0,105.0,2.3,500.0,2.0,87.0,5.6,#daffc2,#ff6228,#ffe481
121,-27.786740999999996,151.4343391,73.0,33.0,96.0,2.0,510.0,1.3,87.0,10.0,#eeffd1,#ff612a,#ffcf81
122,-27.60389034,151.3484107,41.0,26.0,86.0,1.0,400.0,1.7,60.0,6.0,#b8ffbb,#ff5726,#fff478
123,-27.45452751,151.2755396,32.0,28.0,125.0,1.0,439.0,1.9,70.0,24.0,#82ff96,#ff5f37,#e2ff84
124,-27.71993707,151.4089755,58.0,27.0,84.0,1.5,435.0,1.5,61.0,12.0,#e2ffcb,#ff5229,#ffdb77
125,-27.81535578,151.5092892,60.0,52.0,140.0,3.0,485.0,1.7,200.0,14.0,#b5ffd2,#ffc63b,#ffe9d8
126,-27.3063653,151.22615880000004,33.0,28.0,190.0,1.5,410.0,2.6,185.0,36.0,#5eff6c,#ffd44d,#b4ffa8
127,-27.67643066,151.3778634,52.0,28.0,83.0,1.8,380.0,1.7,86.0,5.0,#d7ffcd,#ff7a2e,#ffdd97
128,-27.54452499,151.3942075,29.5,36.0,130.0,1.8,395.0,9.3,105.0,20.0,#7effaa,#ff883c,#e9ffa9
129,-27.18019468,151.0470913,57.0,36.0,460.0,6.0,295.0,1.9,780.0,4.0,#3cff3d,#4dff20,#52ebff
130,-27.78861654,151.3799101,53.0,30.0,105.0,2.5,375.0,0.9,125.0,3.0,#bcffb7,#ffa935,#fff4bf
131,-27.26592133,151.1572917,25.0,18.0,208.0,1.5,419.0,3.7,160.0,38.0,#3fff43,#ffba4f,#95ff7c
132,-27.60240107,151.27388100000002,24.0,13.0,99.0,1.1,275.0,0.9,69.0,3.0,#6dff68,#ff8630,#ccff8c
133,-27.44702962,151.3803071,70.0,88.0,494.0,4.0,479.0,1.2,825.0,130.0,#5aff79,#75ff4b,#76ceff
134,-27.47550883,151.336222,41.0,34.0,110.0,3.0,435.0,1.5,78.0,25.0,#a5ffbc,#ff683a,#ffff93
135,-27.47789735,151.27200469999997,25.0,19.0,120.0,1.3,396.0,3.2,52.0,14.0,#69ff73,#ff4e2a,#ceff6a
136,-27.42107367,151.2268966,45.0,25.0,79.0,2.0,325.0,2.3,98.0,5.0,#cbffc4,#ff9a34,#ffe6b4
137,-27.68245506,151.383125,53.0,27.0,73.0,1.8,385.0,2.7,77.0,2.0,#e8ffd8,#ff6e2a,#ffce88
138,-27.78439088,151.38039619999998,53.0,30.0,120.0,2.0,410.0,1.9,125.0,3.0,#acffa8,#ff9c33,#fcffb5
139,-27.71730376,151.4244281,55.0,29.5,95.0,1.8,435.0,5.0,84.0,3.5,#cdffc3,#ff6a2a,#ffe888
140,-27.5341373,151.22939509999998,46.0,22.0,195.0,2.0,395.0,1.4,215.0,13.0,#6aff60,#fff33d,#aeffab
141,-27.604248600000002,151.4094278,37.0,29.0,120.0,1.9,430.0,2.4,77.0,10.0,#90ffa0,#ff642c,#ebff85
142,-27.63509577,151.258603,20.0,9.5,89.0,1.3,247.0,0.6,43.0,8.0,#65ff5b,#ff632f,#c4ff73
143,-27.58691638,151.4063261,40.0,27.0,105.0,2.0,335.0,2.5,100.0,14.5,#a0ffa7,#ff993c,#f7ffba
144,-27.323763300000003,151.2478944,34.0,44.0,363.0,2.0,442.0,1.2,440.0,100.0,#40ff57,#b1ff62,#7effd6
145,-27.5539924,151.27816409999997,36.0,18.0,81.0,0.5,325.0,1.2,50.0,14.0,#aeffa1,#ff5a31,#f8ff83
146,-27.24508346,151.199983,37.0,29.0,198.0,1.7,362.0,1.1,213.0,33.0,#61ff6c,#feff4c,#adffb9
147,-27.75775374,151.44033080000003,58.0,30.0,87.0,18.0,425.0,3.6,750.0,5.0,#d2ffc5,#6dff2a,#9a85ff
148,-27.72718298,151.3066772,37.0,20.0,69.0,1.6,230.0,0.8,110.0,3.1,#c3ffbb,#ffde39,#ffeae5
149,-27.79130713,151.4418033,69.0,32.5,105.0,1.5,530.0,2.6,70.0,6.2,#ddffc7,#ff4e23,#ffe06d
150,-27.79512365,151.4364345,70.0,34.0,115.0,2.0,570.0,1.4,70.0,4.0,#d3ffc1,#ff4920,#ffe868
151,-27.70869248,151.4572054,39.0,30.0,186.0,3.7,444.0,18.0,162.0,26.0,#69ff74,#ffaa41,#cbffa8
152,-27.56174873,151.4119273,41.0,39.0,170.0,2.0,470.0,2.0,160.0,46.0,#7eff98,#ffad52,#e1ffc4
153,-27.53983689,151.2643069,29.0,15.0,99.0,1.0,345.0,3.7,58.0,6.5,#7fff77,#ff5e29,#d8ff78
154,-27.18237078,151.0499958,305.0,165.0,1100.0,0.5,450.0,2.5,2300.0,180.0,#7aff75,#2eff23,#437aff
155,-27.55341632,151.2691519,30.0,15.0,105.0,1.0,340.0,3.3,52.0,5.3,#7cff73,#ff5726,#d5ff70
156,-27.19774384,151.0712623,28.0,20.0,240.0,2.4,275.0,5.0,310.0,2.9,#3cff41,#a0ff33,#76ffc3
157,-27.57409494,151.3958231,38.0,28.0,110.0,2.0,430.0,2.5,67.0,10.5,#9affa6,#ff592a,#f2ff7c
158,-27.29449808,151.252035,42.0,62.0,425.0,3.0,455.0,7.1,610.0,105.0,#46ff64,#90ff53,#7cfffd
159,-27.25690201,151.1745368,15.0,18.0,246.0,1.5,416.0,2.2,192.0,40.0,#29ff37,#ffd850,#6eff65
160,-27.37682176,151.2746404,35.0,31.0,125.0,2.0,445.0,2.0,75.0,33.0,#8affa1,#ff6640,#e9ff90
161,-27.54813952,151.3821518,42.0,32.0,100.0,2.0,405.0,1.7,65.0,12.0,#b0ffc1,#ff5c2c,#fff882
162,-27.51315224,151.3239604,37.0,29.0,83.0,1.5,392.0,8.2,40.0,21.0,#b8ffcc,#ff412c,#fff06c
163,-27.51424995,151.3667188,41.0,34.0,103.0,2.0,445.0,3.0,74.0,18.0,#adffc4,#ff5f31,#fff888
164,-27.55185287,151.3419031,37.0,26.0,86.0,1.5,385.0,2.5,50.0,5.0,#b0ffbb,#ff4c22,#fffa6d
165,-27.53980459,151.36720569999997,38.0,31.0,107.0,1.7,401.0,5.1,64.0,15.8,#a0ffb5,#ff5b2f,#faff83
166,-27.57595333,151.37540819999998,36.0,24.0,80.0,1.6,380.0,2.1,48.0,6.6,#b3ffba,#ff4b23,#fff86d
167,-27.230494,151.1981749,34.0,33.0,272.0,1.8,397.0,1.0,308.0,38.0,#4aff5a,#d0ff48,#8fffbb
168,-27.20397267,151.1744273,35.0,32.0,266.0,1.5,424.0,1.1,275.0,54.0,#4cff59,#eeff56,#93ffae
169,-27.16366585,151.1042205,92.0,88.0,540.0,1.0,395.0,1.3,970.0,120.0,#60ff74,#58ff3c,#62b3ff
170,-27.60674847,151.4274831,40.0,41.0,170.0,2.0,475.0,3.6,160.0,33.0,#7eff9c,#ffa946,#e3ffc0
171,-27.58395832,151.3075905,39.0,23.0,76.0,1.1,360.0,6.5,55.0,2.9,#beffbc,#ff5624,#fff075
172,-27.33333491,151.2594045,31.0,38.0,320.0,2.0,461.0,1.2,340.0,91.0,#40ff56,#dbff69,#86ffb6
173,-27.55426039,151.36857790000002,36.0,26.0,85.0,1.3,398.0,1.5,38.0,10.0,#b0ffbc,#ff3b21,#fffa60
174,-27.495813800000004,151.30151730000003,38.0,31.0,99.0,1.2,425.0,6.9,49.0,30.0,#a9ffbf,#ff4a36,#fffd79
175,-28.20302122,152.015995,69.0,42.0,61.0,1.5,346.0,0.8,130.0,2.0,#ffe2ff,#ffb936,#ff92cb
176,-27.53536323,151.3982361,44.0,42.0,148.0,2.0,479.0,1.1,150.0,25.0,#92ffb0,#ffa040,#f3ffc0
177,-27.37495881,151.22083130000001,24.0,16.0,74.0,1.0,225.0,0.6,50.0,2.3,#8eff94,#ff792d,#e9ff93
178,-27.5608355,151.33191340000002,41.0,28.0,80.0,1.3,395.0,2.8,45.0,8.6,#c4ffcd,#ff4423,#ffe868
179,-27.71306615,151.3184691,33.0,18.0,103.0,2.0,239.0,0.5,140.0,5.0,#88ff82,#feff3b,#d3ffd6
180,-27.58726129,151.39949430000001,44.0,30.5,98.0,2.0,430.0,2.5,66.0,8.0,#b4ffbe,#ff5828,#fff67b
181,-28.19549198,151.96885680000003,43.0,20.0,36.0,2.0,237.0,0.9,60.0,0.0,#ffdedf,#ff872e,#ff8687
182,-28.19024563,151.9698372,55.0,31.0,55.0,1.5,370.0,3.8,60.0,0.0,#fff2f7,#ff5c24,#ff9e6d
183,-28.18455244,151.9709439,64.0,54.0,71.0,2.0,343.0,1.5,180.0,0.0,#d7d6ff,#ffed38,#ff9cf3
184,-28.17905529,151.97204319999997,53.0,45.0,68.0,0.5,328.0,1.7,140.0,0.0,#dbe6ff,#ffcc37,#ffa5d8
185,-28.08984996,151.7885113,66.0,41.0,73.0,5.2,298.0,0.4,190.0,4.0,#fcfdff,#f0ff39,#f5adff
186,-28.09027058,151.7951254,48.0,32.0,148.0,2.0,314.0,1.3,225.0,12.0,#8eff94,#deff3c,#d7fffd
187,-28.09072473,151.80151909999998,11.0,5.3,20.0,3.3,68.0,0.1,28.0,0.0,#bcffac,#ffc836,#fffcd5
188,-27.94946154,151.6629365,73.0,47.0,59.0,1.6,315.0,3.5,165.0,6.5,#f8d3ff,#ffea3b,#ff8df5
189,-27.94299113,151.6672582,39.0,24.5,80.0,1.4,260.0,1.7,115.0,2.1,#baffbc,#ffd138,#fff0dc
190,-27.93569453,151.6695798,57.0,40.0,89.0,1.5,400.0,1.0,112.0,4.0,#deffec,#ff9232,#ffc3a4
191,-27.93551413,151.67002050000002,58.0,40.0,92.0,2.5,363.0,1.1,130.0,4.0,#dbffe7,#ffb236,#ffc0ba
192,-27.92545364,151.67194630000003,59.0,45.0,106.0,3.0,437.0,0.8,120.0,15.0,#cfffe4,#ff9038,#ffd2ac
193,-27.872360200000003,151.5300345,39.0,25.0,81.0,1.7,344.0,1.9,50.0,4.0,#b9ffbd,#ff5425,#fff374
194,-27.85663805,151.55965690000002,28.0,23.0,91.0,2.0,334.0,1.4,70.0,5.0,#91ffa4,#ff732d,#edff90
195,-27.83486114,151.57265900000002,46.0,102.0,480.0,2.0,706.0,3.5,640.0,105.0,#4bff83,#bbff51,#a2fff1
196,-27.8151527,151.4528379,75.0,38.0,116.0,2.0,578.0,3.5,80.0,10.0,#dbffcc,#ff5125,#ffde72
197,-27.78547067,151.4971754,45.0,340.0,1770.0,7.5,148.0,0.0,3100.0,925.0,#30ff74,#25ff4c,#2688ff
198,-27.79452576,151.40165159999998,20.0,18.0,92.0,17.0,249.0,3.9,78.0,18.4,#6aff7d,#ff9e47,#cfffa7
199,-27.78119237,151.4249844,74.0,37.0,105.0,2.2,538.0,2.4,86.0,4.0,#e5ffd4,#ff5c26,#ffd478
200,-27.76143372,151.4346811,46.0,17.0,65.0,4.0,218.0,0.6,95.0,30.0,#e0ffb3,#ffd162,#ffe2f5
201,-27.76466029,151.361499,22.0,14.0,79.0,2.2,194.0,0.5,80.0,20.0,#7cff7e,#ffc854,#d6ffc6
202,-27.73658726,151.3879805,95.0,40.0,75.0,2.0,368.0,1.7,170.0,4.0,#ffd4d3,#ffd839,#ff9be6
203,-27.717358,151.4397519,42.0,29.0,116.0,2.0,397.0,1.3,100.0,10.0,#9cffa4,#ff8634,#f3ffa5
204,-27.78396304,151.3051456,80.0,51.0,206.0,2.0,446.0,2.5,360.0,12.0,#a0ffa4,#cbff39,#d5e0ff
205,-27.76366838,151.3217113,39.0,22.0,36.0,2.6,208.0,0.6,58.0,5.0,#ffedf7,#ff9135,#ff90a1
206,-27.75977333,151.3276271,37.0,21.0,62.0,2.0,211.0,1.3,90.0,0.0,#d0ffca,#ffcb37,#ffd8d0
207,-27.73992841,151.3418584,35.0,20.5,100.0,2.0,245.0,5.3,140.0,2.0,#92ff90,#fff539,#e5ffe0
208,-27.69437713,151.3772112,44.0,26.0,99.0,1.5,366.0,2.9,90.0,5.0,#adffab,#ff8230,#ffffa0
209,-27.67901582,151.43306130000002,42.0,35.0,180.0,2.0,398.0,2.3,180.0,50.0,#77ff87,#ffd55c,#ceffc7
210,-27.68980519,151.2372086,53.0,11.0,38.0,3.0,221.0,0.4,36.0,10.0,#ffc795,#ff5f33,#ffa27c
211,-27.69536046,151.2677637,27.0,10.0,88.0,2.0,253.0,3.3,60.0,12.0,#80ff68,#ff7e39,#d1ff92
212,-27.67869328,151.33304030000002,34.0,18.0,90.0,1.2,315.0,1.2,75.0,2.0,#9aff92,#ff802e,#ecff98
213,-27.65674867,151.36498419999998,41.0,29.0,94.0,3.0,325.0,2.2,95.0,5.0,#b1ffbc,#ff9634,#fff9b2
214,-27.6306374,151.4047057,42.0,27.0,100.0,2.0,384.0,1.2,80.0,9.0,#a9ffad,#ff722f,#fdff95
215,-27.60927282,151.4444887,100.0,144.0,1010.0,8.0,476.0,0.0,1650.0,350.0,#45ff63,#46ff43,#48b7ff
216,-27.72431808,151.3020308,30.0,15.0,80.0,2.5,229.0,1.5,70.0,10.0,#98ff8d,#ff9c3c,#e9ffb6
217,-27.69091526,151.3624844,37.0,32.0,100.0,4.0,308.0,1.6,130.0,0.0,#a5ffbf,#ffca37,#fffed7
218,-27.65543193,151.23740130000002,15.0,11.0,65.0,2.5,200.0,0.6,35.0,0.0,#6fff78,#ff6426,#d2ff74
219,-27.63036032,151.2983183,34.0,16.0,88.0,2.0,314.0,1.5,55.0,5.0,#9cff8d,#ff632a,#e9ff81
220,-27.61829509,151.3208621,36.0,23.0,78.0,2.0,316.0,3.3,60.0,5.0,#b3ffb7,#ff692b,#fff88a
221,-27.61067589,151.3351206,44.0,26.0,99.0,1.5,391.0,2.5,70.0,6.0,#adffab,#ff642a,#ffff85
222,-27.59508218,151.3755394,37.0,23.0,89.0,2.0,337.0,2.3,55.0,5.0,#a6ffa8,#ff5d28,#faff7d
223,-27.62063849,151.254708,22.0,11.0,95.0,1.5,242.0,0.9,80.0,6.0,#68ff60,#ffa738,#c3ff9a
224,-27.60258281,151.2780409,39.0,21.0,100.0,1.5,326.0,1.5,80.0,13.0,#9eff97,#ff8338,#efffa5
225,-27.59313825,151.2969295,34.0,16.0,98.0,2.0,308.0,4.2,70.0,2.0,#90ff82,#ff792d,#e1ff8f
226,-27.58202705,151.3141514,38.0,25.0,105.0,1.3,398.0,2.0,60.0,10.0,#9aff9f,#ff5729,#f1ff7a
227,-27.58980539,151.23415269999998,23.0,11.0,111.0,1.2,314.0,1.5,70.0,4.0,#5eff55,#ff792e,#beff79
228,-27.57580491,151.2602503,22.0,11.0,103.0,1.5,253.0,4.2,70.0,0.0,#61ff59,#ff8e30,#c0ff85
229,-27.54230525,151.26387409999998,40.0,20.0,160.0,1.4,395.0,8.6,135.0,12.0,#6fff67,#ffa639,#caffa0
230,-27.54563841,151.28776269999997,18.0,11.0,79.0,2.0,212.0,0.5,50.0,4.0,#67ff67,#ff7f31,#cbff89
231,-27.51093636,151.2134266,30.0,16.0,110.0,1.5,260.0,1.0,115.0,5.0,#78ff72,#ffd13a,#ceffb9
232,-27.51174977,151.2410965,43.0,25.0,123.0,2.0,317.0,1.1,150.0,15.0,#92ff8f,#ffdc40,#e8ffdc
233,-27.51746069,151.2735711,30.0,17.0,109.0,1.5,361.0,2.3,55.0,8.0,#79ff76,#ff5829,#d6ff72
234,-27.51590563,151.32822099999998,36.0,29.0,83.0,1.5,387.0,1.5,40.0,20.0,#b6ffcc,#ff432d,#fff16e
235,-27.51980449,151.3902606,44.0,44.0,190.0,2.5,457.0,6.2,210.0,40.0,#7cff98,#ffd44d,#dcffd1
236,-27.47148099,151.2578635,28.0,18.0,129.0,1.3,402.0,3.2,60.0,10.0,#66ff68,#ff5629,#cbff6c
237,-27.47709723,151.30015419999998,42.0,32.0,97.0,1.5,421.0,2.7,50.0,35.0,#b4ffc5,#ff4e3c,#fff481
238,-27.42313882,151.21915149999998,27.0,19.0,183.0,0.8,463.0,3.5,115.0,10.0,#4bff50,#ff8332,#b4ff77
239,-27.42341647,151.26470619999998,25.0,20.0,148.0,0.8,421.0,6.0,65.0,15.0,#5aff64,#ff582d,#c3ff6b
240,-27.42948904,151.3151061,29.0,31.0,198.0,2.5,452.0,4.3,150.0,50.0,#58ff6e,#ffa958,#bcff9e
241,-27.43619387,151.36498269999998,60.0,74.0,380.0,4.0,535.0,3.6,550.0,112.0,#61ff82,#adff5c,#9df4ff
242,-27.38980548,151.2347063,4.6,3.4,33.0,1.4,2.4,0.0,70.0,5.0,#47ff4e,#0eff15,#2392ff
243,-27.38591653,151.2705389,25.0,35.0,225.0,1.0,324.0,2.5,240.0,70.0,#4cff6b,#dcff6e,#98ffcd
244,-27.39373066,151.4003529,36.0,66.0,550.0,2.0,762.0,12.0,401.0,285.0,#35ff53,#ffeead,#80ffa0
245,-27.39657216,151.4655194,14.0,21.0,71.0,0.5,313.0,1.8,8.0,7.0,#75ffaf,#ff120f,#e9ff37
246,-27.39856778,151.4988622,21.0,34.0,400.0,1.0,664.0,8.9,330.0,40.0,#2aff3e,#ffe144,#72ff69
247,-27.40084396,151.53306899999998,74.0,96.0,340.0,2.0,569.0,2.0,600.0,42.0,#7bffac,#a4ff3c,#b2d0ff
248,-27.32147229,151.2094281,29.0,21.0,191.0,2.0,292.0,3.1,250.0,5.0,#4eff54,#c4ff38,#91ffbe
249,-27.32885143,151.2597058,66.0,68.0,696.0,2.0,451.0,4.2,1000.0,237.0,#3bff49,#67ff57,#54ebff
250,-27.28425039,151.15859509999999,50.0,30.0,280.0,3.0,576.0,7.6,250.0,55.0,#53ff53,#ffcc50,#a7ff98
251,-27.29952785,151.21220559999998,27.0,15.0,31.0,5.0,181.0,1.0,45.0,0.0,#f5ffec,#ff852e,#ffb593
252,-27.29980563,151.21220559999998,24.0,16.0,37.0,2.4,190.0,0.4,35.0,2.0,#dbffe4,#ff672a,#ffcf84
253,-27.26980556,151.238316,40.0,58.0,660.0,2.0,0.0,7.1,780.0,240.0,#2dff40,#22ff4e,#1baeff
254,-27.2726688,151.27990669999997,220.0,284.0,1510.0,8.0,287.0,0.0,2950.0,400.0,#5cff7e,#20ff29,#3076ff
255,-27.27230624,151.1063736,114.0,80.0,544.0,3.0,608.0,1.0,840.0,120.0,#67ff6d,#88ff4a,#87dfff
256,-27.23675064,151.149428,27.0,17.0,246.0,1.5,447.0,4.9,185.0,55.0,#36ff37,#ffc75c,#81ff72
257,-27.21129042,151.1895696,10.0,8.0,366.0,1.0,635.0,11.0,165.0,70.0,#0fff11,#ff8d55,#63ff36
258,-27.21202811,151.19248269999997,64.0,78.0,624.0,4.0,431.0,4.1,970.0,145.0,#44ff5a,#61ff44,#5cdeff
259,-27.16555922,151.21508559999998,34.0,42.0,646.0,4.0,418.0,4.3,900.0,70.0,#25ff31,#5eff33,#47ffe6
260,-27.16994745,151.22745849999998,93.0,150.0,1160.0,6.4,382.0,4.6,2140.0,83.0,#3cff5a,#29ff19,#3ab5ff
261,-27.15318085,151.23283999999998,110.0,108.0,576.0,8.0,344.0,1.8,1150.0,50.0,#6aff81,#3fff22,#5695ff
262,-27.14425036,151.2613697,48.0,44.0,266.0,3.5,476.0,5.5,320.0,40.0,#63ff75,#ebff48,#b1ffca
263,-27.1388158,151.3338541,7.0,44.0,378.0,5.0,333.0,10.0,510.0,45.0,#23ff4c,#80ff3c,#5fffd8
264,-27.17619526,151.11887240000001,102.0,96.0,550.0,3.0,400.0,4.1,950.0,135.0,#67ff7b,#5dff41,#65adff
265,-27.14841737,151.1597047,56.0,68.0,708.0,5.0,372.0,3.0,1070.0,105.0,#35ff47,#4cff33,#4ae6ff
266,-27.12563958,151.1905372,72.0,80.0,840.0,6.0,408.0,0.0,1340.0,130.0,#37ff47,#44ff2f,#45dbff
267,-27.0940104,151.2395169,25.0,14.0,235.0,1.2,465.0,8.6,170.0,14.0,#33ff31,#ffb03a,#8cff67
268,-27.12008453,151.08387230000002,29.0,28.0,202.0,2.5,408.0,3.0,210.0,25.0,#53ff64,#ffe844,#a3ff9e
269,-27.10548116,151.1185144,90.0,155.0,2040.0,2.0,847.0,0.0,2750.0,510.0,#25ff37,#49ff41,#3af3ff
270,-27.08425108,151.1458153,52.0,60.0,726.0,6.0,396.0,3.2,1070.0,105.0,#2fff3e,#50ff34,#48f4ff
271,-27.07773655,151.0044118,1050.0,970.0,3400.0,5.0,274.0,0.0,9500.0,360.0,#96ffb2,#09ff0b,#2b36ff
272,-27.05619613,151.04415,45.0,36.0,153.0,4.5,442.0,3.3,120.0,37.0,#8bff9b,#ff914b,#e8ffb5
273,-27.05675168,151.0447055,28.0,23.0,268.0,3.0,431.0,3.7,245.0,80.0,#3aff42,#fff96e,#7bff8d
274,-27.04170832,151.0745618,68.0,60.0,524.0,2.0,514.0,4.8,740.0,95.0,#4aff56,#84ff46,#75fffc
275,-27.04341819,151.0774826,94.0,94.0,742.0,4.0,390.0,0.0,1300.0,147.0,#4cff5d,#44ff32,#4cbcff
276,-27.01091828,151.1133149,70.0,80.0,804.0,5.0,390.0,0.0,1260.0,130.0,#39ff4a,#45ff31,#47d9ff
277,-26.98951272,151.15787849999998,46.0,40.0,614.0,3.0,560.0,6.2,690.0,185.0,#2bff33,#9eff6b,#5affc8
278,-26.9657145,151.2068386,17.0,20.0,288.0,2.0,509.0,7.6,230.0,8.0,#28ff34,#ffd139,#77ff60
279,-26.95341216,150.8696195,150.0,114.0,250.0,6.0,538.0,1.9,640.0,12.0,#d7ffec,#95ff33,#c29fff
280,-26.89886977,150.97923280000003,104.0,108.0,968.0,4.0,482.0,0.0,1650.0,105.0,#42ff53,#3fff26,#49caff
281,-26.80272034,150.6772695,72.0,55.0,295.0,2.0,344.0,1.5,460.0,60.0,#78ff84,#8bff47,#92ccff
282,-26.79582329,150.68018759999998,46.0,37.0,218.0,2.0,612.0,5.0,156.0,14.0,#6cff79,#ff8633,#d1ff93
283,-26.78227624,150.6740698,800.0,710.0,4900.0,25.0,415.0,0.0,10300.0,640.0,#5aff6a,#0eff13,#2879ff
284,-26.74223581,150.67992880000003,124.0,148.0,1690.0,4.0,628.0,0.0,2650.0,217.0,#31ff41,#36ff27,#3bd7ff
285,-27.86051304,151.6975999,18.0,40.0,310.0,1.0,555.0,2.9,263.0,10.0,#34ff57,#ffdc3a,#92ff81
286,-27.85562458,151.6942207,210.0,392.0,374.0,2.0,305.0,0.0,1690.0,215.0,#8eaaff,#2cff2a,#7834ff
287,-27.84852819,151.68987380000002,76.0,140.0,680.0,4.0,671.0,0.0,1120.0,22.0,#51ff82,#70ff2c,#80d5ff
288,-27.29925007,151.2127612,22.0,14.0,27.0,2.9,165.0,2.7,27.0,3.5,#f2fff6,#ff5b29,#ffb778
289,-27.53313895,151.206097,37.0,29.0,407.0,4.0,922.0,7.3,200.0,10.0,#32ff37,#ff752d,#9dff58
290,-27.86857762,151.61855500000001,80.0,63.0,107.0,6.0,321.0,0.9,265.0,27.0,#e3f7ff,#c7ff44,#dda6ff
291,-27.868781899999995,151.61870090000002,74.0,56.0,110.0,3.0,260.0,1.0,268.0,33.0,#e1fff9,#a8ff47,#ca9fff
292,-27.69147185,151.2377642,40.0,21.0,38.0,4.1,240.0,2.8,58.0,9.1,#fff0ef,#ff8036,#ff938e
293,-27.88170301,151.64919799999998,64.0,95.0,340.0,1.0,546.0,4.4,525.0,112.0,#72ffa8,#b6ff5e,#b1d6ff
294,-27.87371648,151.6423593,44.0,75.0,445.0,1.0,832.0,7.6,430.0,135.0,#49ff70,#ffea68,#a1ffa8
295,-27.86233526,151.5535472,38.0,23.0,77.0,2.0,325.0,0.9,65.0,10.0,#b8ffb8,#ff6f31,#fff494
296,-27.85309741,151.5705715,23.0,18.0,125.0,1.5,363.0,1.4,65.0,9.0,#5fff6a,#ff652d,#c7ff75
297,-27.73980373,151.4163729,60.0,29.0,80.0,2.0,374.0,1.8,85.0,34.0,#ecffd6,#ff814d,#ffc7a7
298,-27.74341489,151.40665090000002,26.0,94.0,76.0,0.7,495.0,7.9,150.0,9.8,#6090ff,#ff9835,#ff86ad
299,-27.62647125,151.3283179,1.7,0.1,87.2,0.4,78.2,18.5,63.6,9.9,#09ff05,#fff64b,#2eff33
300,-28.00110903,151.7641889,36.0,26.0,42.0,0.8,260.0,0.8,50.0,0.0,#ebeeff,#ff6c29,#ff9d79
301,-27.99179202,151.7675385,36.0,35.0,88.0,2.0,434.0,2.2,45.0,5.0,#b1ffda,#ff3f1e,#ffec5f
302,-27.99131002,151.7676857,27.0,41.0,105.0,2.5,465.0,5.5,63.0,11.0,#87ffd2,#ff4f26,#fffd73
303,-27.98424812,151.7700897,61.0,50.0,52.0,3.5,383.0,3.3,100.0,0.0,#dbc5ff,#ff8a2f,#ff7794
304,-27.79441427,152.0112257,86.0,125.0,112.0,1.0,515.0,1.4,400.0,10.0,#9ea6ff,#d1ff39,#e585ff
305,-27.84350972,152.06452769999999,92.0,133.0,76.0,1.0,575.0,2.1,330.0,0.0,#9684ff,#fffc38,#ff68fd
306,-28.33502835,152.2744533,92.0,61.0,205.0,1.5,660.0,10.0,240.0,17.5,#b3ffba,#ffb039,#fff7ca
307,-28.33241875,152.27071519999998,83.0,57.0,215.0,1.5,494.0,2.8,335.0,30.0,#a4ffac,#e7ff42,#e5edff
308,-28.36336038,152.2081499,108.0,55.0,193.0,1.0,368.0,1.7,410.0,5.0,#caffbc,#9eff33,#bfb0ff
309,-28.36253392,152.20792450000002,41.0,20.0,22.0,2.0,255.0,0.4,20.0,0.0,#ffb6e4,#ff3216,#ff6b3e
310,-28.33650016,152.1281865,57.0,27.0,39.0,2.8,236.0,0.9,110.0,0.0,#ffcee2,#ffda37,#ff8ce6
311,-28.33625119,152.1310783,36.0,15.0,27.0,1.6,187.0,0.2,40.0,2.0,#ffd1d2,#ff752d,#ff807b
312,-28.27145546,152.0927346,79.1,42.5,74.9,2.4,141.6,0.0,294.1,0.0,#ffedf1,#5eff25,#a366ff
313,-28.05776581,151.78958269999998,33.0,15.0,43.0,2.8,207.0,0.2,45.0,7.0,#ecffd0,#ff7734,#ffcf98
314,-28.01174108,151.76984430000002,57.0,20.0,35.0,2.6,293.0,1.0,41.0,11.0,#ffbbbd,#ff532d,#ff7966
315,-28.01027476,151.7660868,48.0,18.0,33.0,2.8,248.0,0.4,41.0,0.0,#ffc7c6,#ff5f25,#ff8669
316,-27.80785928,151.3635967,42.0,47.0,132.0,2.8,451.0,3.0,140.0,20.0,#9affca,#ff9e3c,#fffcbf
317,-27.80758151,151.3635967,43.0,53.0,124.0,2.5,429.0,2.1,170.0,20.0,#a0ffe1,#ffc040,#ffe7d6
318,-27.80702594,151.36609669999999,56.0,32.0,133.0,2.0,377.0,1.6,190.0,12.0,#a7ffa3,#ffe63d,#f9ffef
319,-27.7094266,151.3297217,40.0,20.0,98.0,2.8,258.0,2.8,120.0,0.0,#a2ff96,#ffd737,#f0ffda
320,-27.70870758,151.3326955,17.0,9.4,71.0,1.0,180.0,0.5,64.0,9.7,#6cff67,#ffb141,#c7ffa7
321,-27.752581899999996,151.35192949999998,44.0,24.0,110.0,2.6,295.0,5.8,145.0,2.4,#a0ff9a,#ffdd38,#f2ffe1
322,-27.74401991,151.37434019999998,34.0,16.0,77.0,2.2,212.0,0.6,90.0,10.0,#abff9a,#ffcb40,#f4ffde
323,-28.33730452,152.1264245,63.0,26.0,59.0,3.2,220.0,2.1,139.0,0.0,#ffebd7,#f4ff38,#f9afff
324,-28.27213258,152.08797009999998,90.0,76.0,514.0,20.0,491.0,4.4,865.0,46.0,#5dff6a,#6dff31,#78daff
325,-28.27234077,152.0898201,28.0,48.0,950.0,3.0,512.0,12.0,1340.0,60.0,#19ff26,#50ff28,#38ffdf
326,-27.14786182,151.1588714,7.5,0.5,165.0,0.5,351.0,1.4,66.0,10.0,#14ff0b,#ff692f,#71ff2a
327,-27.16508375,151.2163707,200.0,400.0,2080.0,10.0,408.0,0.0,4420.0,430.0,#4aff7a,#1aff1e,#2f7fff
328,-27.17019839,151.2266502,250.0,390.0,1860.0,10.0,405.0,0.0,4000.0,185.0,#5aff87,#18ff13,#3272ff
329,-27.12397294,151.18831509999998,32.0,30.0,385.0,2.0,475.0,3.3,425.0,75.0,#32ff3c,#beff54,#6cffab
330,-27.54813857,151.2655407,33.5,18.0,95.0,1.4,330.0,6.7,54.0,6.0,#93ff8c,#ff5b28,#e6ff79
331,-27.81313694,151.37720769999999,35.0,20.0,86.0,0.6,290.0,1.4,84.0,13.0,#a3ffa0,#ff963c,#f6ffb8
332,-27.81313695,151.3766522,31.0,19.0,49.0,1.9,210.0,3.8,63.0,9.7,#d6ffd7,#ff973c,#ffcfb3
333,-27.81285919,151.3730411,41.0,26.0,86.0,1.8,340.0,3.2,89.0,7.3,#b7ffba,#ff8933,#fff4a8
334,-27.81147035,151.3683189,60.0,40.0,130.0,2.0,485.0,2.5,140.0,18.0,#b6ffbd,#ff9539,#fff5b7
335,-27.81008149,151.3652634,41.0,38.0,140.0,2.0,364.0,3.4,165.0,18.0,#90ffab,#ffd341,#f0ffdf
336,-27.80591482,151.3683188,18.0,20.0,288.0,1.5,518.0,3.1,205.0,13.0,#29ff35,#ffbf3a,#7eff60
337,-27.81174812,151.3691523,45.0,35.0,79.0,3.5,305.0,5.9,125.0,14.0,#d0ffe7,#ffc03f,#ffc9d1
338,-27.81202589,151.36998559999998,38.0,27.0,79.0,1.0,300.0,7.2,91.0,8.1,#beffca,#ff9636,#ffebb4
339,-27.64786005,151.3263736,31.0,16.5,78.0,1.2,315.0,5.2,45.0,2.0,#a0ff98,#ff5122,#f0ff6e
340,-27.74563149,151.4218801,41.0,26.0,70.0,1.0,329.0,1.7,53.0,32.0,#d0ffd4,#ff6549,#ffdb96
341,-27.81119254,151.373041,44.0,26.0,111.0,1.8,347.0,1.4,100.0,13.0,#a0ff9e,#ff9539,#f4ffb5
342,-27.84788093,151.4012536,36.0,24.0,100.0,1.1,330.0,0.7,94.0,1.9,#9affa0,#ff9532,#f1ffab
343,-27.725314299999997,151.3517822,42.0,22.0,96.0,2.1,280.0,3.7,125.0,2.0,#abffa1,#ffd038,#f8ffdc
344,-27.2614564,151.1755085,10.0,11.0,179.0,1.4,349.0,2.1,99.0,20.0,#24ff2f,#ff9340,#84ff55
345,-27.38099184,151.2159264,26.0,17.0,81.0,1.0,290.0,2.5,59.0,5.3,#8dff91,#ff6f2d,#e7ff8c
346,-27.3898054,151.2994273,25.0,16.0,75.0,1.3,256.0,5.8,50.0,10.0,#8fff92,#ff6a32,#e9ff8d
347,-27.868079499999997,151.4807031,42.5,24.0,41.5,1.4,230.0,2.7,75.0,4.5,#fff0f7,#ffa336,#ff98b4
348,-27.11730668,151.0974832,27.0,28.0,316.0,2.5,428.0,2.1,350.0,60.0,#35ff43,#caff53,#74ffa7
349,-27.4292311,151.270236,29.0,25.0,125.0,0.9,420.0,9.2,65.0,15.0,#78ff8a,#ff572d,#daff77
350,-27.37809938,151.3398899,33.0,40.0,393.0,4.0,422.0,2.2,540.0,48.0,#38ff4a,#8dff3e,#6effd9
351,-27.5444054,151.38781530000003,44.0,33.0,99.0,3.0,422.0,2.2,70.0,15.0,#b6ffc6,#ff5f2f,#fff386
352,-27.22814413,151.3052555,40.0,50.0,654.0,5.0,377.0,3.4,990.0,85.0,#2aff39,#51ff31,#46feff
353,-27.89920855,151.65112130000003,36.8,23.2,65.3,0.9,283.4,1.1,64.6,4.6,#cbffcf,#ff7b2f,#ffe099
354,-27.90602814,151.63712759999999,63.0,45.0,125.0,1.4,525.0,0.4,123.0,12.4,#c4ffd1,#ff7e32,#ffe69f
355,-27.91544581,151.62488100000002,49.0,28.0,65.0,1.5,350.0,5.8,57.0,2.3,#edffe8,#ff5b25,#ffc375
356,-27.28841688,151.1847059,23.0,14.0,174.0,1.5,387.0,4.0,116.0,25.0,#3fff3f,#ff9943,#a1ff76
357,-27.36679028,151.16764569999998,34.0,20.0,172.0,0.2,446.0,2.3,110.0,20.0,#5cff5b,#ff833a,#c1ff87
358,-26.99243382,151.01602590000002,214.0,296.0,1340.0,4.4,328.0,5.4,2940.0,263.0,#65ff8e,#1cff1c,#356bff
359,-28.20519391,151.98782680000002,36.0,26.0,58.0,6.5,140.0,0.2,155.0,4.8,#d5ffe5,#9dff35,#c6a6ff
360,-28.20274381,151.9882754,55.0,38.0,54.0,2.1,325.0,1.6,115.0,2.0,#f1e4ff,#ffb035,#ff94c0
361,-28.20167405,151.98846509999998,39.0,20.0,59.0,2.2,205.0,0.5,100.0,2.0,#dcffce,#ffe139,#ffd6e9
362,-28.19878286,151.9889669,55.0,32.0,59.0,1.2,265.0,1.0,135.0,5.6,#fff9fa,#ffe83b,#ffacf3
363,-28.18473097,151.9913666,220.0,165.0,630.0,9.0,410.0,2.4,1650.0,54.0,#9cffaa,#35ff1d,#4f5bff
364,-27.38281375,151.1860605,40.0,17.5,115.0,1.6,400.0,2.2,69.0,6.6,#90ff7e,#ff6129,#dfff7c
365,-27.38286105,151.19229909999999,23.0,13.0,103.0,1.0,268.0,6.7,70.0,3.3,#66ff63,#ff8530,#c8ff89
366,-27.38595688,151.2112457,33.0,19.0,108.0,1.4,287.0,2.5,104.0,5.6,#84ff81,#ffb238,#dfffb9
367,-27.38428239,151.2394138,36.0,28.0,93.0,1.4,345.0,3.8,90.0,10.0,#a8ffba,#ff8835,#ffffaa
368,-27.38040767,151.2481634,13.0,9.6,48.5,2.5,155.0,0.8,30.0,5.0,#7dff88,#ff6b31,#ddff89
369,-27.39315426,151.339741,37.5,60.0,680.0,1.8,365.0,11.5,860.0,320.0,#2bff40,#6aff6c,#48f7ff
370,-27.39328526,151.357722,12.0,18.0,370.0,1.5,450.0,10.5,255.0,185.0,#19ff24,#fff6b3,#4cff72
371,-27.39356624,151.38390880000003,28.0,61.0,760.0,2.6,540.0,18.5,760.0,510.0,#23ff39,#a3ffab,#4effe0
372,-27.39638487,151.4421743,68.0,134.0,839.0,2.0,729.0,3.6,1120.0,300.0,#41ff69,#87ff67,#70ebff
373,-27.39853301,151.4948449,24.0,41.0,400.0,1.4,650.0,10.0,400.0,37.0,#30ff49,#fbff42,#76ff7f
374,-27.39879456,151.521587,32.0,41.0,365.0,1.0,600.0,9.4,395.0,31.0,#3cff51,#efff40,#84ff93
375,-27.43083997,151.2683461,23.0,25.0,125.0,0.9,395.0,8.7,73.0,13.0,#6aff87,#ff652f,#d4ff7f
376,-27.19341675,151.3169249,108.0,104.0,890.0,3.7,565.0,21.0,1400.0,147.0,#48ff57,#5aff38,#5cdbff
377,-27.22768913,151.2453315,35.0,45.0,664.0,4.3,399.0,10.0,947.0,66.0,#25ff33,#59ff2f,#47ffed
378,-27.22773469,151.2467409,506.0,597.0,2750.0,7.5,224.0,1.1,6200.0,520.0,#6cff8f,#10ff19,#2a5aff
379,-27.277455199999995,151.3430174,67.0,125.0,918.0,3.5,515.0,7.3,1380.0,254.0,#3bff5c,#57ff47,#52d4ff
380,-27.278183600000002,151.3427597,43.0,54.0,683.0,4.8,350.0,10.0,1050.0,85.0,#2cff3b,#4bff2e,#44f6ff
381,-27.19055167,151.275578,32.0,56.0,530.0,3.6,330.0,9.2,790.0,68.0,#31ff4a,#5aff34,#53f7ff
382,-27.191074600000004,151.27497019999998,60.0,75.0,560.0,4.0,430.0,8.0,870.0,115.0,#47ff5f,#69ff42,#65e2ff
383,-27.160415500000003,151.15727900000002,20.5,15.5,57.0,1.6,155.0,0.6,76.0,3.9,#9effad,#ffe23b,#f7ffea
384,-28.14666289,151.878122,51.4,26.7,53.6,1.5,364.1,1.6,35.6,0.6,#fff6ef,#ff3c1a,#ffaf54
385,-28.15421363,151.8766905,56.9,33.7,64.4,1.3,390.0,1.9,64.4,0.7,#fffffc,#ff5e25,#ffab72
386,-28.16330747,151.87509680000002,29.0,16.0,57.0,1.6,245.0,1.9,38.0,9.3,#bdffb6,#ff5a2f,#fff682
387,-28.1383656,151.87959180000001,41.0,30.0,170.0,1.6,365.0,3.1,195.0,9.2,#75ff7e,#ffee3b,#caffc3
388,-28.21460488,152.0468103,471.0,279.0,753.5,5.7,643.7,4.1,2336.0,93.8,#d7ffd5,#3bff20,#6e51ff
389,-27.43282588,151.4029678,120.0,290.0,1700.0,3.5,365.0,8.8,3100.0,710.0,#3eff6d,#2eff41,#3093ff
390,-27.53056396,151.50367590000002,604.0,577.7,3647.0,15.7,308.2,2.0,7400.0,933.3,#5eff71,#16ff24,#2973ff
391,-27.17047715,151.149574,17.5,11.5,125.0,2.1,325.0,3.3,64.0,12.0,#45ff47,#ff6c32,#b0ff69
392,-27.16974859,151.1495182,19.0,13.0,85.0,1.3,245.0,3.3,47.0,4.3,#6bff70,#ff692c,#cfff7b
393,-27.16863576,151.151592,20.5,16.0,50.0,1.5,145.0,0.2,79.0,4.3,#aeffc0,#fff43c,#fff8fb
394,-27.17323694,151.1581085,25.0,19.0,58.0,1.6,220.0,1.7,49.0,4.2,#b3ffc4,#ff782f,#fff599
395,-27.18397278,151.1605384,24.5,20.5,89.0,1.8,215.0,2.1,125.0,3.8,#86ff99,#fffc3a,#dbffdc
396,-27.179085200000003,151.1573954,25.0,20.0,65.0,1.8,183.0,0.1,95.0,4.0,#a8ffbb,#ffec3b,#fffef5
397,-27.18186564,151.15734530000003,16.0,13.0,69.0,1.4,210.0,0.1,45.0,6.5,#75ff83,#ff7633,#d8ff8e
398,-27.18365638,151.15022240000002,21.0,14.0,109.0,1.5,333.0,0.8,33.0,7.1,#5dff61,#ff3d20,#c5ff54
399,-27.18705386,151.1518164,15.0,11.0,133.0,1.3,365.0,3.0,28.0,13.1,#3bff40,#ff3221,#acff41
400,-27.19271558,151.1479302,25.0,17.5,150.0,1.9,400.0,11.0,74.0,31.0,#53ff59,#ff6941,#bcff77
401,-27.20619488,151.176094,55.0,43.0,316.0,2.2,441.0,0.8,391.0,20.0,#5bff65,#bcff3b,#9effd9
402,-27.23036132,151.19831619999997,15.0,13.0,222.0,1.5,407.0,2.3,148.0,16.5,#27ff2e,#ffb33d,#7dff5b
403,-27.25426102,151.2009176,11.5,8.4,185.0,1.3,415.0,8.6,84.0,4.9,#21ff24,#ff6d2b,#8cff43
404,-27.24586969,151.20779419999997,9.6,9.5,255.0,1.3,570.0,12.5,83.0,45.5,#17ff1d,#ff593e,#82ff37
405,-27.36222783,151.424021,63.0,74.0,560.0,3.3,366.0,10.0,923.0,86.0,#48ff5f,#57ff35,#5cd4ff
406,-27.39019062,151.4102939,32.0,70.0,560.0,2.0,750.0,16.0,500.0,245.0,#33ff54,#f2ff94,#7effac
407,-27.54392383,151.2772228,27.0,16.5,95.0,1.3,205.0,1.1,115.0,17.0,#7cff7d,#fff74a,#ccffd2
408,-27.49149805,151.3931941,28.5,30.0,375.0,4.6,465.0,7.1,460.0,2.0,#30ff3c,#b1ff35,#6bffa5
409,-27.55369359,151.3438729,35.0,26.0,83.0,1.4,336.0,5.8,53.0,9.3,#b0ffbf,#ff592a,#fff97e
410,-27.75658969,151.46131469999997,44.0,29.0,105.0,2.3,415.0,5.3,87.0,5.3,#aaffb0,#ff712c,#feff90
411,-27.89313574,151.5605392,21.1,17.2,193.8,2.5,328.8,7.2,170.0,10.9,#3cff44,#ffe43d,#87ff7d
412,-27.82735024,151.4495238,36.4,22.8,62.3,1.6,274.1,2.0,63.8,4.0,#cfffd1,#ff7d2f,#ffdd9a
413,-27.84107019,151.48998740000002,47.9,31.7,98.7,1.3,452.3,7.0,55.9,5.5,#bcffc3,#ff4821,#fff068
414,-27.82506983,151.4764063,29.3,31.7,128.4,1.8,464.5,4.9,62.8,7.2,#7cff9e,#ff4e24,#e3ff6c
415,-27.80242939,151.45569419999998,35.2,33.2,99.9,1.6,420.4,3.5,62.5,4.3,#a3ffc4,#ff5525,#fffd75
416,-27.8277661,151.4117119,36.8,20.5,107.4,1.5,371.6,3.2,66.0,9.3,#90ff8b,#ff632c,#e6ff83
417,-27.80834964,151.42890590000002,74.0,34.0,113.0,2.3,531.0,2.0,88.0,1.7,#dcffc4,#ff5f26,#ffe27b
418,-27.78953529,151.4131356,33.1,29.8,111.0,2.7,392.9,3.3,83.2,3.8,#91ffaa,#ff732c,#efff8f
419,-27.80190631,151.4943845,37.0,35.0,133.0,2.7,466.0,3.4,93.0,6.2,#8bffa7,#ff6e2c,#ecff8a
420,-28.18011692,151.9590398,53.0,33.0,38.0,0.7,299.0,1.0,70.0,1.0,#fcc7ff,#ff7f2d,#ff7089
421,-28.17350456,151.95072539999998,19.0,18.0,128.0,0.9,380.0,2.8,62.0,1.0,#55ff66,#ff5d25,#c1ff66
422,-28.13316193,151.8320009,37.5,22.5,51.0,1.4,295.0,3.7,37.5,4.6,#e9ffe8,#ff4a22,#ffc569
423,-28.13176846,151.8227811,35.0,22.0,84.0,2.0,300.0,1.9,70.0,2.9,#a7ffa9,#ff7d2e,#fbff9a
424,-28.09042118,151.79496469999998,87.0,59.0,143.0,1.7,539.0,0.6,127.0,140.0,#d8ffe2,#ff9387,#ffc8d1
425,-28.09023643,151.79781699999998,39.5,23.5,58.0,2.1,285.0,2.8,55.0,3.9,#dfffdd,#ff6a2b,#ffce87
426,-28.09272888,151.80318909999997,47.5,28.0,53.0,1.3,290.0,1.2,80.0,3.7,#fffefc,#ff9032,#ff9a96
427,-27.78331062,151.4591429,35.0,31.0,87.0,1.4,361.0,5.7,64.0,4.0,#afffcd,#ff6228,#fff382
428,-27.81712706,151.4708044,38.3,33.1,115.0,1.6,458.0,3.6,68.2,7.2,#9bffb3,#ff5526,#f7ff76
429,-27.549109700000002,151.422073,204.0,375.0,1410.0,5.0,286.0,2.4,2920.0,766.0,#61ff9f,#2dff47,#325bff
430,-27.63015385,151.40246509999997,42.0,29.0,96.0,2.0,368.0,5.9,76.0,4.9,#b1ffbb,#ff6f2c,#fff98f
431,-27.557582300000004,151.371928,32.0,25.0,90.0,1.6,363.0,6.9,41.0,7.2,#9fffb0,#ff4221,#f7ff64
432,-27.39021568,151.307192,41.0,38.0,157.0,3.0,425.0,7.8,145.0,24.0,#85ff9e,#ffa741,#e7ffbf
433,-27.39563756,151.47136940000001,20.0,61.0,513.0,1.5,872.0,21.0,280.0,281.0,#2bff4f,#ffb19d,#7fff77
434,-27.28619489,151.1833168,22.0,17.0,209.0,1.3,422.0,8.0,132.0,32.0,#39ff3f,#ff9d47,#98ff70
435,-27.54397218,151.28942890000002,20.8,55.2,114.2,1.2,502.3,11.5,70.5,2.0,#69fff0,#ff4f21,#fff46d
436,-27.5181374,151.43137119999997,444.0,857.0,4010.0,8.5,219.0,1.5,8170.0,1790.0,#52ff86,#1cff3a,#2868ff
437,-26.771965,150.94601630000003,93.4,102.0,902.9,4.4,412.7,5.4,1523.0,123.0,#41ff53,#3eff2a,#47c8ff
438,-26.892636600000003,151.0856099,69.0,63.0,659.0,4.3,377.0,8.3,1030.0,72.0,#3dff49,#4fff2d,#52e4ff
439,-27.56883483,151.3298039,41.0,27.0,84.0,1.3,400.0,4.7,38.0,8.0,#bcffc2,#ff3a1e,#fff05d
440,-27.61897813,151.293858,35.0,16.0,87.0,2.0,340.0,0.8,55.0,5.0,#a0ff8f,#ff5d28,#ebff7b
441,-27.60032476,151.2663324,18.0,9.0,94.0,1.0,254.0,1.2,60.0,10.0,#58ff51,#ff7f37,#b9ff7d
442,-27.56731155,151.368667,37.0,27.0,100.0,1.7,380.0,4.3,50.0,11.0,#a1ffad,#ff4d28,#f8ff72
443,-27.03942447,151.230456,26.0,30.0,213.0,2.0,469.0,2.2,190.0,11.0,#4dff64,#ffc33a,#afff94
444,-27.40071658,151.5405825,170.0,164.0,334.0,2.0,394.0,1.3,975.0,40.0,#c4fff5,#51ff27,#8865ff
445,-27.85362779,151.3965461,48.0,31.0,109.0,1.5,365.0,0.6,120.0,9.0,#afffb4,#ffa638,#fffbc2
446,-27.60028207,151.30415580000002,50.0,24.0,77.0,1.2,372.0,1.9,50.0,5.0,#dbffc7,#ff4f23,#ffe16f
447,-27.63553248,151.25204140000002,18.0,9.0,82.0,2.0,245.0,2.3,45.0,5.0,#63ff5b,#ff662c,#c3ff72
448,-27.04337312,151.4612656,67.0,58.0,130.0,0.3,330.0,3.3,300.0,10.0,#c8ffeb,#bbff38,#d9baff
449,-27.38999219,151.45794530000003,25.0,52.0,440.0,2.0,729.0,3.4,405.0,104.0,#32ff51,#fff65f,#7dff89
450,-26.74830561,150.8260186,50.0,150.0,1300.0,3.7,350.0,7.7,2190.0,124.0,#2aff4d,#27ff1c,#32c6ff
451,-27.84403134,151.6202092,44.0,76.0,424.0,4.0,587.0,2.3,580.0,105.0,#4cff75,#b0ff56,#95fff0
452,-27.70341484,151.4363724,32.0,31.0,151.0,3.0,422.0,3.5,140.0,10.0,#72ff8a,#ffa637,#d8ffad
453,-27.54348793,151.3272026,38.0,28.0,83.0,1.5,408.0,2.1,41.0,15.0,#b9ffc8,#ff3f26,#fff167
454,-26.74340865,150.8843569,72.0,116.0,1000.0,4.0,521.0,0.0,1630.0,95.0,#37ff52,#43ff27,#4bd9ff
455,-27.66204314,151.34498280000003,45.0,29.0,105.0,3.0,362.0,2.0,110.0,0.0,#abffaf,#ff9c32,#ffffb2
456,-27.72995632,151.41585690000002,25.0,27.0,76.0,1.8,277.0,4.4,60.0,0.0,#9dffca,#ff752b,#fffc8f
457,-26.94357953,151.11837319999998,44.0,33.0,338.0,4.0,421.0,1.0,430.0,60.0,#44ff4b,#aaff4b,#7effd1
458,-27.15058769,151.06276019999999,180.0,146.0,596.0,3.0,390.0,0.0,1380.0,160.0,#90ffa2,#41ff32,#5268ff
459,-27.55434771,151.3760104,39.0,28.0,91.0,2.0,406.0,1.3,55.0,10.0,#b0ffbd,#ff5027,#fff974
460,-27.20276221,151.13894919999998,37.0,59.0,390.0,1.6,530.0,7.4,420.0,130.0,#45ff67,#d5ff73,#91ffce
461,-27.44248225,151.3188504,35.0,33.0,117.0,1.8,454.0,1.5,62.0,35.0,#93ffb0,#ff573d,#f2ff86
462,-27.611193100000005,151.3966503,40.0,25.0,96.0,1.8,394.0,1.3,70.0,7.0,#a7ffa9,#ff642b,#fbff86
463,-27.88810559,151.5833035,46.0,30.0,82.0,1.2,342.0,0.5,105.0,5.0,#ccffd2,#ff9e35,#ffdcb4
464,-27.48195239,151.3364756,41.0,32.0,95.0,2.0,430.0,1.7,65.0,16.0,#b4ffc7,#ff582e,#fff380
465,-27.60087026,151.3778217,40.5,25.5,82.0,1.5,365.0,4.2,63.0,6.2,#bbffbe,#ff6029,#fff182
466,-27.24220312,151.2211738,59.0,72.0,650.0,3.2,435.0,10.5,920.0,140.0,#3dff51,#68ff47,#5cefff
467,-27.54994806,151.32753300000002,38.0,28.0,84.0,1.5,406.0,1.0,43.0,12.0,#b8ffc7,#ff4124,#fff267
468,-27.185331400000003,151.1414701,20.0,14.2,136.0,1.2,404.0,2.0,45.0,16.1,#4bff50,#ff452a,#b7ff57
469,-27.69140349,151.4118856,52.0,30.0,100.0,2.0,430.0,1.4,89.0,5.0,#c0ffbc,#ff722c,#fff091
470,-26.84866199,150.9955698,94.0,76.0,760.0,4.0,402.0,0.0,1250.0,121.0,#44ff4c,#47ff30,#4ccfff
471,-27.66008177,151.4016503,47.5,28.0,86.0,1.7,380.0,3.9,80.0,4.5,#c7ffc5,#ff722c,#ffe891
472,-27.74719585,151.42186740000002,48.0,29.0,78.0,3.6,355.0,1.6,70.0,5.0,#d2ffd1,#ff6d2c,#ffdb8c
473,-27.29091686,151.1872059,21.0,15.0,170.0,1.3,405.0,4.8,95.0,20.0,#40ff45,#ff7d3a,#a8ff6d
474,-27.27951428,151.1013812,143.8,101.3,796.9,1.1,771.9,5.6,1217.0,160.7,#5aff60,#7cff46,#7ae4ff
475,-27.26024726,151.20525969999997,32.0,26.0,325.0,1.0,424.0,5.1,338.0,55.0,#37ff3e,#d0ff50,#74ffa2
476,-27.81023213,151.4334044,76.0,33.0,102.0,2.0,501.0,1.8,90.0,3.0,#ebffcb,#ff6528,#ffd481
477,-27.19550382,151.1695929,36.0,28.0,126.0,1.9,301.0,0.6,136.0,22.0,#88ff96,#ffd548,#e3ffd7
478,-27.17566938,151.15883159999998,27.0,23.0,53.0,1.7,201.0,0.1,80.0,4.8,#c6ffe5,#ffc23a,#ffcdcb
479,-27.53980461,151.36470569999997,39.0,28.0,89.0,1.9,400.0,1.8,46.0,8.0,#b3ffbf,#ff4522,#fff768
480,-27.73296207,151.40865290000002,86.0,35.0,88.0,2.0,450.0,3.0,120.0,4.9,#fff3d4,#ff8c31,#ffa998
481,-28.15005709,151.8195624,88.0,51.0,370.0,2.2,448.0,1.8,580.0,11.0,#6bff69,#8cff31,#94ebff
482,-28.1992663,151.9655544,46.0,34.0,45.0,2.0,325.0,2.9,66.0,2.0,#e8dcff,#ff6f2a,#ff8176
483,-28.20193278,151.99633290000003,105.0,65.0,52.0,3.6,285.0,1.2,285.0,6.0,#fca3ff,#acff36,#d362ff
484,-27.95782561,151.70971819999997,10.0,10.0,526.0,4.0,578.0,3.5,540.0,25.0,#0cff0f,#b6ff3a,#35ff69
485,-28.34236612,152.2633227,62.0,26.0,44.0,1.0,329.0,1.1,57.0,5.0,#ffcbd3,#ff6229,#ff7c6d
486,-28.27686433,152.08741669999998,455.0,310.0,610.0,6.0,66.0,0.2,2550.0,25.0,#eefffa,#06ff04,#5326ff
487,-28.20341934,152.02111330000002,70.0,51.0,98.0,3.0,350.0,1.9,192.0,5.0,#e7fffb,#fff43a,#ffbcfa
488,-28.33957759,152.2741359,16.0,14.0,230.0,2.0,444.0,7.4,135.0,10.0,#28ff2f,#ff9835,#89ff58
489,-28.34271256,152.2497405,52.0,28.0,41.0,2.0,310.0,2.3,43.0,4.3,#ffdbf2,#ff5124,#ff8462
490,-28.0896013,151.7871856,70.0,34.0,68.0,4.0,308.0,1.4,150.0,0.0,#fff0e8,#ffe138,#ffacea
491,-28.22779613,152.0578206,108.7,62.6,61.1,3.5,478.8,9.1,175.7,4.0,#ffb3f8,#ffb136,#ff72c8
492,-28.13912788,151.8663033,36.0,21.0,153.0,4.0,440.0,2.5,100.0,10.0,#69ff68,#ff7a31,#ccff87
493,-28.06770827,151.78069019999998,91.0,64.0,165.0,3.0,237.0,0.6,390.0,32.0,#cdffda,#73ff38,#9e84ff
494,-28.07181552,151.785425,136.0,83.0,207.0,1.5,423.0,1.7,567.0,34.0,#ddffdd,#87ff37,#b593ff
495,-28.09424014,151.7866434,112.0,98.0,332.0,5.0,450.0,3.7,660.0,22.0,#9dffb6,#7eff31,#979eff
496,-27.60171565,151.39631200000002,39.0,27.0,95.0,1.8,400.0,1.8,56.0,5.0,#aaffb3,#ff5224,#ffff72
497,-27.13212074,151.08895149999998,43.0,45.0,316.0,2.0,376.0,1.0,440.0,62.0,#52ff66,#99ff4b,#88fff8
498,-27.49693509,151.32954719999998,37.0,28.0,81.0,1.8,365.0,1.4,50.0,14.0,#b9ffcb,#ff522d,#ffef7a
499,-27.51175952,151.3665676,41.0,31.0,125.0,2.5,463.0,2.5,90.0,25.0,#95ffa3,#ff6e39,#efff96
500,-27.52565295,151.3454517,36.5,28.0,87.0,1.4,390.0,6.2,41.0,12.5,#b1ffc2,#ff4024,#fff766
501,-27.52445167,151.3645706,40.0,33.0,105.0,1.7,410.0,11.5,85.0,19.0,#a8ffbf,#ff6e36,#fffd97
502,-27.53364436,151.3212577,38.0,29.0,88.0,1.3,416.0,1.0,48.0,18.0,#b4ffc5,#ff482c,#fff472
503,-27.53489574,151.3186041,42.0,27.0,87.0,1.3,423.0,1.0,40.0,20.0,#baffbe,#ff3e2a,#fff268
504,-27.68249922,151.29479709999998,29.0,15.0,94.0,2.0,210.0,0.8,110.0,5.0,#84ff7b,#ffec3b,#d1ffca
505,-27.55395146,151.3576812,40.0,27.0,76.0,2.5,385.0,1.7,46.0,7.0,#c5ffce,#ff4722,#ffe76a
506,-27.8715559,151.4784033,40.0,24.0,46.0,2.6,259.0,2.9,54.0,4.1,#fbfffa,#ff712d,#ffaa86
507,-27.51418844,151.3414789,38.0,27.0,88.0,1.5,400.0,1.9,42.0,14.0,#b1ffbd,#ff4126,#fff969
508,-27.816511300000002,151.4505565,58.0,30.5,100.0,1.6,475.0,5.7,71.0,5.0,#ceffc2,#ff5525,#ffe975
509,-27.55131496,151.2367905,30.0,14.0,145.0,1.3,390.0,1.4,97.0,15.0,#5eff54,#ff8437,#bcff83
510,-27.70421558,151.413448,53.0,28.0,90.0,2.0,425.0,1.1,80.0,5.0,#cfffc4,#ff692a,#ffe788
511,-27.38020271,151.30073430000002,37.0,46.0,235.0,2.5,455.0,2.4,270.0,63.0,#61ff82,#fdff5c,#b8ffcb
512,-27.15760463,151.1723997,78.0,86.0,724.0,4.0,355.0,2.1,1200.0,132.0,#44ff57,#44ff32,#4ac6ff
513,-27.71372402,151.3056631,28.0,14.0,82.0,1.5,215.0,0.3,99.0,7.0,#8fff84,#ffd83d,#dfffcf
514,-27.62258221,151.35359540000002,37.0,24.0,105.0,1.5,337.0,1.9,80.0,13.0,#96ff9a,#ff7f37,#eeffa1
515,-27.51010095,151.27728069999998,27.0,19.0,120.0,1.0,400.0,1.9,55.0,13.0,#6dff74,#ff512a,#d0ff6d
516,-27.62345663,151.3488054,45.0,30.0,92.0,1.5,383.0,0.5,70.0,10.0,#bdffc4,#ff672e,#ffef8b
517,-27.16999364,151.1510259,18.0,14.0,100.0,1.5,243.0,0.3,70.0,6.2,#5dff67,#ff9636,#c3ff90
518,-27.6785936,151.3154499,31.0,16.0,80.0,1.7,267.0,0.7,74.0,0.0,#9dff93,#ff9230,#edffa6
519,-27.58021465,151.4445436,92.0,110.0,634.0,7.0,573.0,0.0,1040.0,160.0,#5aff77,#70ff49,#72caff
520,-27.65569898,151.35310230000002,50.0,29.0,91.0,1.5,335.0,1.0,120.0,5.0,#c7ffc3,#ffb237,#ffe6c6
521,-27.25367672,151.08214089999998,204.0,92.0,592.0,2.0,567.0,0.0,1150.0,140.0,#90ff7f,#65ff3f,#739dff
522,-27.6964793,151.41497919999998,53.0,30.0,99.0,2.0,420.0,1.4,100.0,6.0,#c3ffbe,#ff8030,#ffee9e
523,-27.42081801,151.3221461,35.0,45.0,235.0,1.0,450.0,3.0,255.0,60.0,#5eff80,#fff95b,#b6ffc3
524,-28.33654477,152.2740654,90.0,54.0,178.0,1.0,725.0,3.2,180.0,10.0,#bdffbc,#ff8430,#fff0a2
525,-28.33499975,152.2692649,77.0,46.0,150.0,1.2,555.0,2.7,150.0,23.0,#bfffbd,#ff8d3a,#ffeeb1
526,-28.33199266,152.2704503,91.0,74.0,296.0,1.0,513.0,2.4,450.0,63.0,#92ffa4,#bfff4c,#c2d9ff
527,-27.91658635,151.6198421,42.0,31.0,73.0,1.3,377.0,3.3,55.0,5.0,#d3ffe4,#ff5425,#ffd573
528,-27.9130863,151.626436,46.0,26.0,85.0,1.8,366.0,0.5,81.0,8.0,#c5ffbf,#ff7830,#ffed9a
529,-28.24395029,152.0767868,23.0,12.0,122.0,1.0,327.0,3.9,66.0,2.0,#57ff52,#ff6e2a,#bcff6e
530,-28.17793819,151.94511809999997,20.0,13.0,55.0,0.7,190.0,1.4,37.0,5.0,#9aff9e,#ff6b2f,#f1ff8e
531,-28.24030084,152.08288530000002,75.0,47.0,51.0,1.0,495.0,3.0,60.0,5.0,#fbc1ff,#ff4820,#ff6a52
532,-27.90883902,151.58407350000002,32.0,21.0,65.0,1.0,280.0,0.5,63.0,5.0,#bdffc3,#ff7a30,#ffef9a
533,-27.44338301,151.32774719999998,24.0,29.0,235.0,2.0,456.0,3.4,170.0,45.0,#43ff59,#ffb852,#a1ff88
534,-27.53520353,151.2664144,34.0,18.0,96.0,1.5,365.0,0.9,54.0,8.0,#93ff8b,#ff5628,#e6ff76
535,-27.390886699999996,151.40686090000003,20.0,68.0,580.0,3.0,691.0,4.8,540.0,285.0,#29ff4d,#daffa0,#6fffb8
536,-27.60020973,151.25182769999998,21.0,10.0,93.0,1.5,265.0,0.8,54.0,8.9,#65ff5c,#ff7132,#c4ff7d
537,-27.54198918,151.3840294,22.0,23.0,98.0,2.5,314.0,1.4,70.0,6.0,#79ff98,#ff7930,#e0ff92
538,-27.52989954,151.23220680000003,47.0,23.0,165.0,2.0,485.0,1.7,125.0,19.0,#7cff71,#ff8838,#d4ff9a
539,-27.1398066,151.0938724,40.0,39.0,286.0,2.0,348.0,47.0,385.0,58.0,#52ff63,#bfff4e,#94ffd6
540,-27.7514708,151.35192949999998,39.0,22.0,114.0,1.8,302.0,1.3,145.0,1.0,#8fff8b,#ffde38,#e5ffd5
541,-27.74529227,151.3436116,37.0,22.0,114.0,1.5,285.0,1.0,150.0,1.0,#8aff89,#ffee38,#e0ffd7
542,-27.55782082,151.30955790000002,36.0,24.0,105.0,1.0,415.0,1.7,52.0,8.0,#95ff9b,#ff4a24,#edff6b
543,-27.49248519,151.2700612,24.0,20.0,121.0,0.8,406.0,1.7,54.0,12.0,#68ff77,#ff4f29,#ceff69
544,-27.61580118,151.2834197,29.0,14.0,94.0,1.3,295.0,1.3,64.0,2.0,#84ff78,#ff762c,#d9ff89
545,-27.55939853,151.30508490000003,29.0,20.0,100.0,0.9,375.0,6.5,54.0,4.0,#85ff8c,#ff5224,#e1ff6d
546,-27.51758229,151.3891495,43.0,40.0,160.0,4.3,490.0,0.9,150.0,35.0,#87ffa1,#ff9e47,#e9ffbd
547,-27.86977666,151.5004722,46.0,36.0,92.0,2.5,346.0,0.7,125.0,10.0,#c4ffd9,#ffb33a,#ffdcc7
548,-27.17008367,151.2755364,18.0,20.0,240.0,1.0,400.0,6.8,225.0,29.0,#31ff3f,#fff446,#70ff73
549,-27.78212838,151.41159040000002,56.0,28.0,98.0,2.5,462.0,1.2,74.0,3.0,#cbffbc,#ff5c26,#ffee7a
550,-28.35002318,152.1474231,112.3,39.0,46.1,1.3,402.3,1.1,123.2,16.6,#ff99b9,#ff9d3b,#ff69bf
551,-28.21195555,152.0204197,52.4,18.2,70.7,3.1,37.5,0.1,242.2,0.9,#e7ffb1,#22ff10,#543cff
552,-27.92224304,151.64542769999997,47.0,31.0,69.0,0.5,365.0,0.9,66.0,6.8,#e4ffec,#ff662b,#ffc483
553,-28.3371977,152.2603375,32.0,30.0,385.0,2.0,475.0,3.3,425.0,75.0,#32ff3c,#beff54,#6cffab
554,-27.77401769,151.3882916,57.0,27.5,92.0,2.3,405.0,6.8,87.0,2.0,#d5ffc2,#ff732b,#ffe68f
555,-27.61990793,151.2875861,30.0,13.0,95.0,1.3,280.0,1.0,75.0,2.0,#85ff74,#ff8d31,#d8ff99
556,-27.64678016,151.3059471,31.0,15.0,87.0,1.5,305.0,1.1,58.0,8.3,#93ff86,#ff6a2f,#e4ff89
557,-27.25769317,151.0107634,165.0,115.0,760.0,7.5,215.0,0.0,1620.0,50.0,#69ff6f,#1eff13,#377bff
558,-27.5922283,151.290998,23.0,13.0,107.0,1.0,278.0,7.1,80.0,10.0,#62ff5f,#ff9038,#c4ff90
559,-27.516035100000003,151.4046863,13.0,13.0,122.0,2.5,302.0,1.0,40.0,28.0,#40ff4f,#ff5742,#afff63
560,-27.503053700000002,151.3042274,42.0,32.0,92.0,1.4,430.0,2.4,54.0,27.0,#baffcc,#ff5035,#ffee7d
561,-27.09613244,151.0479793,22.0,18.0,220.0,1.0,415.0,2.2,180.0,37.0,#38ff3f,#ffce4e,#85ff76
562,-27.24184807,151.1777067,24.0,28.0,315.0,2.0,435.0,2.1,325.0,65.0,#33ff42,#d8ff59,#72ff9c
563,-27.45046523,151.37257340000002,50.0,59.0,288.0,3.5,491.0,1.5,400.0,70.0,#67ff88,#caff54,#b2fff4
564,-27.57528999,151.3519852,39.0,25.0,78.0,1.4,380.0,2.6,47.0,6.0,#beffc2,#ff4922,#ffef6b
565,-27.14936225,151.1019629,25.5,24.0,215.0,1.4,335.0,8.0,220.0,22.0,#46ff53,#f2ff43,#8cff9c
566,-27.33543661,151.18700719999998,52.0,37.0,155.0,1.0,445.0,3.4,150.0,39.0,#96ffa0,#ffaa4e,#efffcb
567,-27.3793076,151.22762980000002,25.0,18.0,64.0,1.6,240.0,0.1,51.0,6.0,#a6ffb2,#ff7530,#fcff97
568,-27.53638422,151.22909950000002,40.0,18.0,190.0,2.5,431.0,3.7,151.0,15.0,#5fff54,#ffad3b,#b6ff91
569,-27.6500175,151.31470249999998,30.0,16.0,83.0,0.0,320.0,0.5,45.0,5.0,#96ff8f,#ff5225,#e9ff71
570,-27.42779026,151.4936719,27.0,40.0,430.0,2.0,710.0,4.9,370.0,92.0,#2fff43,#ffeb5b,#72ff76
571,-27.4778901,151.38030469999998,44.0,58.0,285.0,3.5,470.0,7.2,382.0,78.0,#61ff85,#cfff5a,#afffee
572,-27.61345464,151.25857549999998,20.0,9.3,78.0,1.2,250.0,0.8,51.0,5.0,#71ff65,#ff702e,#cbff7f
573,-27.21557472,151.0241129,1150.0,610.0,3350.0,9.0,115.0,0.2,8600.0,235.0,#90ff89,#06ff08,#2946ff
574,-27.54979703,151.292958,33.0,20.0,91.0,1.2,362.0,1.3,49.0,6.0,#96ff96,#ff4f24,#edff6f
575,-27.3505707,151.2313603,47.0,36.0,110.0,1.5,466.0,1.2,77.0,9.0,#b3ffc4,#ff5e2a,#fff581
576,-27.45691131,151.2819259,38.0,32.0,115.0,1.3,450.0,3.3,61.0,35.0,#9affb0,#ff563d,#f5ff85
577,-27.40416036,151.6074889,49.0,42.0,450.0,1.0,504.0,1.6,628.0,14.0,#3eff47,#90ff32,#73ffd5
578,-27.14341771,151.0919279,74.0,70.0,492.0,3.0,396.0,4.7,780.0,105.0,#56ff67,#6aff43,#6cd3ff
579,-27.45997196,151.26477480000003,28.0,23.0,125.0,1.0,415.0,2.0,61.0,8.0,#73ff82,#ff5527,#d6ff6f
580,-27.5518474,151.40685430000002,41.0,34.0,125.0,2.5,455.0,2.2,99.0,19.0,#98ffad,#ff7736,#f3ff9c
581,-27.32228031,151.2766301,37.0,59.0,389.0,3.0,470.0,9.1,503.0,95.0,#45ff67,#aaff58,#88ffe7
582,-28.031948699999997,151.774361,49.0,30.0,64.0,2.0,305.0,2.2,85.0,6.0,#eeffef,#ff9034,#ffb1a0
583,-28.20172622,151.973353,45.0,32.0,42.0,0.9,315.0,1.5,47.0,2.8,#eddaff,#ff5624,#ff8465
584,-28.20036634,151.9759543,45.0,25.0,40.0,1.8,240.0,0.7,65.0,2.8,#ffe7f5,#ff8e32,#ff8a99
585,-28.0985631,151.8180989,52.0,30.0,67.0,1.0,300.0,1.7,105.0,4.0,#f1ffec,#ffae36,#ffafb6
586,-28.14410251,151.88599250000001,55.0,37.0,47.0,0.8,365.0,1.1,50.0,2.5,#f3d6ff,#ff5022,#ff7f5e
587,-28.21156951,152.02061650000002,13.9,6.5,7.6,4.4,72.0,0.2,10.7,2.0,#ffd0e1,#ff572a,#ff7b67
588,-28.20833715,152.0263644,71.1,70.0,135.4,1.6,379.9,4.5,279.0,67.2,#c4fffb,#deff62,#e0baff
589,-28.15684838,151.8429605,56.0,37.0,87.0,2.0,399.0,3.8,102.0,8.0,#ddffe4,#ff8632,#ffc99f
590,-28.10670229,151.82890319999998,29.0,20.0,113.0,2.3,340.0,0.6,90.0,12.0,#78ff7e,#ff8c38,#d8ff9f
591,-28.33555722,152.286082,30.0,23.0,120.0,2.0,355.0,1.3,89.0,0.0,#7aff86,#ff862e,#dbff94
592,-28.34460055,152.2481295,45.0,27.0,48.0,1.9,300.0,1.3,45.0,2.0,#fffafe,#ff5724,#ffa46c
593,-28.16525597,151.96288090000002,170.0,110.0,170.0,0.8,460.0,1.5,540.0,58.0,#f8eaff,#98ff43,#c482ff
594,-28.01036673,151.7699017,33.0,20.0,55.0,1.3,255.0,0.8,37.0,6.0,#d0ffd0,#ff5528,#ffdd78
595,-28.12568384,151.8273155,43.0,28.0,70.0,1.8,335.0,2.4,70.0,6.1,#d7ffdd,#ff722e,#ffd490
596,-28.12863709,151.83220369999998,45.0,36.0,82.0,1.0,410.0,1.3,79.0,5.0,#ceffe8,#ff6b2b,#ffd488
597,-28.20564362,152.03090569999998,52.0,24.0,47.0,1.5,230.0,0.2,115.0,0.0,#ffe6e1,#ffe638,#ffa6ef
598,-28.13691219,151.8207721,48.0,28.0,56.0,2.3,265.0,0.5,92.0,2.6,#fbfff7,#ffae35,#ffa8b8
599,-28.10382111,151.8299116,33.0,21.0,84.0,0.5,310.0,2.9,65.0,16.0,#a2ffa5,#ff7339,#f7ff9c
600,-28.200057,151.9691395,55.0,30.0,60.0,0.8,285.0,0.7,98.0,15.0,#fffbf4,#ffac41,#ffa8c7
601,-28.200584999999997,151.9690076,38.0,29.0,74.0,1.1,385.0,2.1,44.0,5.1,#c7ffdb,#ff4420,#ffe165
602,-28.2017163,152.0176196,82.0,50.0,80.0,1.5,437.0,1.0,170.0,8.0,#feedff,#ffbe38,#ff9cd2
603,-27.53006805,151.3661421,30.0,32.0,94.0,1.9,385.0,9.6,67.0,13.0,#9affc5,#ff5f2e,#ffff86
604,-27.27403841,151.172635,25.0,16.0,180.0,1.3,370.0,3.4,130.0,34.0,#44ff45,#ffaf4f,#9fff81
605,-27.66147067,151.400817,46.0,27.0,87.0,1.8,395.0,1.8,77.0,5.0,#c1ffbf,#ff6c2b,#ffed8c
606,-27.65476255,151.38477609999998,47.0,27.0,74.0,2.0,370.0,4.3,65.0,3.7,#d8ffd3,#ff6228,#ffd980
607,-27.00917178,151.1917534,19.0,18.0,190.0,1.2,460.0,11.5,110.0,7.0,#3cff48,#ff7c2f,#a7ff66
608,-27.48222081,151.3479954,45.0,38.0,125.0,3.0,440.0,1.5,120.0,20.0,#a2ffba,#ff8f3b,#fcffb3
609,-27.60490968,151.41945880000003,36.0,33.0,120.0,2.0,420.0,1.0,90.0,14.0,#92ffad,#ff7533,#f1ff99
610,-27.45105077,151.1795062,46.0,40.0,600.0,0.8,710.0,9.8,670.0,37.5,#2cff34,#b6ff3b,#65ff9d
611,-27.13540517,151.3392571,35.0,32.0,250.0,2.0,530.0,2.6,230.0,9.0,#50ff5e,#ffce39,#acff95
612,-27.25026442,151.1793084,33.0,35.0,350.0,1.0,440.0,2.6,405.0,82.0,#3bff4b,#bbff5b,#78ffc0
613,-27.79894504,151.5030502,60.0,44.0,115.0,2.2,460.0,0.8,110.0,18.0,#c8ffd8,#ff8137,#ffdfa4
614,-27.36286482,151.3412878,76.0,90.0,860.0,5.0,370.0,4.0,1400.0,175.0,#3aff4d,#3fff32,#42ceff
615,-28.06913434,151.7840749,63.0,39.0,135.0,1.0,230.0,1.1,300.0,23.0,#b4ffb6,#8bff3b,#a59eff
616,-28.2071887,152.0366894,170.0,115.0,450.0,4.0,570.0,3.6,900.0,67.0,#a0ffa7,#77ff37,#8d97ff
617,-28.25139934,152.0915737,85.0,50.0,91.0,1.0,510.0,1.7,150.0,16.0,#fff9fc,#ff9838,#ff9aa8
618,-27.99491611,151.7688126,74.0,56.0,110.0,1.5,490.0,3.9,190.0,5.0,#e2fffa,#ffbc37,#ffb5c6
619,-28.02435717,151.7852906,35.0,20.0,31.0,2.0,260.0,0.9,27.0,2.0,#ffe7f9,#ff3f1d,#ff9655
620,-28.0766727,151.7952644,39.0,24.0,43.0,1.1,225.0,0.5,79.0,4.0,#fefbff,#ffaf37,#ffa2c0
621,-28.20213449,151.9884178,46.0,23.0,35.0,2.8,215.0,0.4,70.0,0.0,#ffd9e9,#ffa633,#ff8bb4
622,-28.16877752,151.9172479,44.0,25.5,59.0,2.3,235.0,0.5,110.0,2.0,#eaffe6,#ffdb38,#ffc2e5
623,-27.9499271,151.65423619999999,34.0,30.0,105.0,0.6,405.0,1.7,68.0,8.0,#99ffb3,#ff5f2a,#f6ff81
624,-28.1944789,152.00906619999998,110.0,54.0,99.0,2.5,560.0,1.2,180.0,7.0,#ffe4e6,#ffa435,#ff96b3
625,-28.19309859,152.00713380000002,98.0,54.0,83.0,1.5,520.0,1.5,165.0,3.6,#ffe0f4,#ffa234,#ff8cb1
626,-28.14847796,151.8767635,48.0,33.0,61.0,1.2,405.0,7.8,52.0,0.0,#f1feff,#ff4a1f,#ffb461
627,-28.15186997,151.86572180000002,56.0,40.0,58.0,0.7,435.0,7.7,56.0,0.0,#ede4ff,#ff4b1f,#ff965c
628,-28.19520507,152.0123996,180.0,91.0,155.0,0.5,610.0,0.9,455.0,14.0,#ffe1ea,#d7ff3a,#e897ff
629,-27.23560366,151.27649019999998,42.0,42.0,640.0,6.0,425.0,1.4,910.0,67.0,#29ff32,#5dff32,#4affec
630,-27.38485594,151.3800949,26.0,80.0,760.0,6.0,520.0,9.8,790.0,420.0,#27ff47,#92ff91,#55fff1
631,-27.18971673,151.2792221,26.0,25.0,355.0,1.3,710.0,18.0,230.0,51.0,#2dff36,#ff9f46,#89ff62
632,-27.47456913,151.3373431,42.5,35.0,110.0,2.0,435.0,5.7,69.0,25.0,#aaffc0,#ff5d37,#fffc89
633,-28.19089234,151.9783288,39.0,28.0,56.0,0.6,285.0,0.5,66.0,3.5,#e6fff8,#ff7d2f,#ffb792
634,-28.15890115,151.8777687,65.0,37.0,80.0,0.8,395.0,7.1,125.0,4.2,#f7fff1,#ff9e34,#ffa8a4
635,-28.15650857,151.9192534,76.0,45.0,82.0,0.9,415.0,2.7,165.0,0.0,#fff9fd,#ffc136,#ffa4cd
636,-27.23730613,151.158039,26.0,28.0,310.0,1.6,450.0,3.4,295.0,72.0,#35ff44,#eeff60,#77ff94
637,-27.106388899999995,151.6216667,125.0,210.0,380.0,1.7,700.0,3.4,980.0,21.0,#92f9ff,#83ff30,#b294ff
638,-27.49115,151.3967092,49.0,49.0,215.0,3.5,490.0,1.7,245.0,58.0,#7aff96,#ffe558,#d2ffd2
639,-27.12829853,151.110269,42.0,33.0,145.0,1.5,400.0,1.3,170.0,4.5,#8aff99,#ffcb38,#e7ffcd
640,-27.60521631,151.3472654,41.0,25.0,82.0,1.6,360.0,5.5,56.0,6.4,#bbffbb,#ff5827,#fff27a
641,-27.67928001,151.3099718,30.0,15.5,85.0,1.8,225.0,1.1,110.0,3.3,#92ff89,#ffe139,#e3ffd5
642,-27.23813607,151.1153228,46.0,27.0,275.0,1.0,530.0,0.9,240.0,36.0,#4fff4e,#ffd547,#9fff92
643,-26.75369936,150.6347093,19.0,26.0,395.0,1.7,145.0,0.3,590.0,80.0,#23ff31,#3bff32,#33eeff
644,-27.41041592,151.4816622,19.0,37.0,355.0,1.4,730.0,7.6,225.0,74.0,#2eff49,#ffa053,#92ff6e
645,-27.40382318,151.48269380000002,12.0,34.0,365.0,2.0,660.0,17.0,220.0,79.0,#24ff40,#ffa75a,#83ff63
646,-27.38547326,151.2214975,27.0,19.0,54.0,1.2,230.0,1.5,53.0,8.1,#c1ffcd,#ff7c35,#ffe8a0
647,-27.22943392,151.2748701,38.0,44.0,630.0,4.2,395.0,4.5,920.0,78.0,#28ff35,#59ff33,#48fff2
648,-27.63705494,151.2522489,17.5,8.5,80.0,1.3,245.0,1.6,35.0,4.9,#63ff5a,#ff5326,#c3ff64
649,-27.48378927,151.2969379,42.0,38.0,125.0,1.1,455.0,5.3,89.0,38.5,#9effba,#ff7247,#fbffa0
650,-28.15267192,151.91138600000002,59.0,45.0,99.0,0.9,495.0,9.5,105.0,3.8,#d7ffed,#ff712b,#ffcb8b
651,-28.19135274,151.9782446,32.0,23.0,50.0,0.6,280.0,0.5,45.0,3.7,#deffef,#ff5c27,#ffc87a
652,-28.19059161,151.9709381,52.0,36.0,55.0,2.0,340.0,1.5,72.0,0.0,#f0ebff,#ff752b,#ff917d
653,-28.19066921,151.971326,62.0,39.0,52.0,3.0,290.0,1.7,92.0,0.0,#fbdbff,#ffa233,#ff87af
654,-28.12741499,151.83174540000002,34.0,30.0,120.0,0.9,410.0,5.7,87.0,7.5,#8cffa3,#ff722e,#ebff90
655,-27.23832076,151.0705272,140.0,105.0,830.0,4.0,315.0,5.9,1550.0,195.0,#57ff5f,#33ff2d,#409fff
656,-27.84341336,151.6038712,17.7,59.8,402.6,2.1,478.8,20.1,465.0,79.0,#31ff5f,#bcff53,#81ffc5
657,-27.23230591,151.1810942,23.0,30.0,341.0,2.1,451.0,6.5,327.0,75.0,#2fff41,#e0ff5f,#6fff96
658,-27.46512123,151.3083781,76.0,65.0,160.0,1.7,400.0,1.5,315.0,59.0,#c0ffde,#d0ff56,#d9c3ff
659,-27.75577245,151.37111240000002,48.0,26.0,105.0,2.6,345.0,0.7,125.0,8.7,#b0ffa8,#ffb439,#fdffcc
660,-27.41015237,151.4879689,17.0,33.0,350.0,1.5,730.0,8.2,195.0,66.0,#2aff42,#ff8f4d,#92ff64
661,-27.16369494,151.19859319999998,80.0,92.0,850.0,6.0,395.0,4.0,1450.0,140.0,#3dff4f,#3fff2d,#45cdff
662,-27.55440305,151.248027,33.0,16.5,115.0,1.2,350.0,2.4,80.0,17.0,#7dff73,#ff7c3a,#d5ff94
663,-27.42825102,151.27388480000002,34.0,35.5,125.0,1.4,415.0,12.0,80.0,34.0,#8cffaf,#ff6d44,#f0ff99
664,-27.38306108,151.217416,31.0,20.0,91.0,1.2,276.0,3.1,85.0,5.2,#92ff96,#ff9c35,#ecffb2
665,-27.37650541,151.20959330000002,28.0,17.5,77.0,1.1,290.0,1.2,59.0,3.8,#98ff99,#ff702c,#efff8d
666,-27.26123112,151.37302590000002,98.0,160.0,840.0,1.4,225.0,3.7,1700.0,125.0,#52ff7c,#21ff1c,#3683ff
667,-27.03218837,151.4762551,90.0,78.0,150.0,0.2,370.0,3.5,375.0,14.0,#d4fffd,#abff38,#d1a7ff
668,-27.04423798,151.0764816,26.0,29.0,335.0,1.1,550.0,10.5,310.0,43.0,#33ff41,#fff448,#73ff76
669,-27.62984575,151.439127,40.5,39.0,225.0,2.5,490.0,7.4,235.0,46.0,#65ff79,#ffdb4f,#bdffb4
670,-26.74981051,150.63054259999998,1.7,10.5,120.0,8.6,7.3,0.0,155.0,41.0,#1cff39,#23ff45,#1ac7ff
671,-27.04349401,151.46330269999999,77.0,75.0,630.0,2.2,465.0,8.2,1000.0,105.0,#49ff58,#62ff3a,#62e1ff
672,-27.03598185,151.23872169999999,30.0,36.0,215.0,2.1,435.0,8.5,245.0,8.1,#57ff73,#fff33a,#aeffa9
673,-27.16563936,151.20109309999998,68.0,87.0,830.0,5.0,375.0,8.5,1400.0,130.0,#38ff4c,#3fff2d,#44d3ff
674,-27.51181717,151.33019240000002,32.0,27.0,98.0,1.0,420.0,1.3,36.0,17.0,#99ffaf,#ff3825,#f4ff60
675,-27.48540032,151.3194467,71.0,39.0,90.0,17.0,375.0,2.3,150.0,27.0,#e8ffdf,#ffc148,#ffc5dc
676,-27.22648394,151.32916919999997,35.0,38.0,580.0,4.0,450.0,7.2,820.0,48.0,#27ff32,#6bff31,#4fffda
677,-26.72518429,150.9461552,63.0,85.0,800.0,3.5,485.0,9.8,1200.0,110.0,#38ff4d,#57ff34,#54ecff
678,-27.75515493,151.4417382,57.0,28.0,79.0,1.3,435.0,5.7,68.0,2.0,#e8ffd5,#ff5924,#ffd274
679,-26.78050739,150.9457839,60.0,56.0,660.0,4.1,470.0,14.0,900.0,94.0,#36ff41,#6cff3c,#5bfff5
680,-27.56964532,151.32867050000002,41.0,27.0,83.0,1.4,400.0,4.3,46.0,9.3,#beffc4,#ff4423,#ffef69
681,-26.74703274,150.62443159999998,1.2,3.9,49.0,3.9,6.1,0.0,61.0,30.0,#1dff35,#38ff75,#1ed0ff
682,-27.23046161,151.2378512,59.0,71.0,780.0,82.0,340.0,13.5,1250.0,130.0,#30ff40,#42ff30,#40e3ff
683,-27.03172194,151.238664,29.0,35.0,220.0,2.0,450.0,8.8,235.0,9.7,#53ff6e,#ffe73b,#aeffa3
684,-28.30754817,152.2196351,66.0,56.0,120.0,1.6,395.0,7.8,190.0,40.5,#ceffef,#ffda52,#ffcef6
685,-28.09957135,151.8353136,273.0,139.0,721.0,5.6,655.1,8.4,1559.0,67.2,#9bff90,#55ff29,#6f87ff
686,-28.18585411,151.9662282,45.5,25.0,46.5,1.1,255.0,0.8,77.0,2.3,#fff3f3,#ff9b33,#ff98a4
687,-28.24414405,152.0930794,105.0,52.0,290.0,2.1,385.0,8.4,520.0,28.0,#96ff8a,#8aff36,#9ebfff
688,-28.12556344,151.81861619999998,55.0,31.0,57.0,0.9,360.0,2.0,64.0,2.0,#fff5f7,#ff6428,#ffa076
689,-28.23773909,152.09228149999998,85.0,40.0,260.0,0.9,410.0,5.5,365.0,19.0,#8aff7d,#bfff3b,#bdfbff
690,-28.13458848,151.83623459999998,51.0,33.0,58.0,1.7,330.0,2.2,86.0,2.0,#f8f9ff,#ff8930,#ff9990
691,-28.15553616,151.9204689,115.0,69.0,185.0,1.4,520.0,3.2,410.0,0.0,#d6ffd5,#d0ff37,#e6c8ff
692,-28.181519599999998,151.9645748,77.3,41.1,38.8,1.4,387.3,2.7,99.3,0.0,#ffaaee,#ff882f,#ff649a
693,-28.08302697,151.7925678,81.0,55.0,135.0,1.1,405.0,8.1,280.0,7.9,#d6ffe0,#e9ff3a,#f1ceff
694,-28.21657661,152.0093003,110.3,237.2,756.0,11.2,562.1,4.0,1679.0,80.1,#61ffb1,#46ff25,#5e7dff
695,-28.14617395,151.8332692,58.9,31.1,34.7,2.5,313.5,0.3,64.1,0.0,#ffbdee,#ff722a,#ff6678
696,-28.2275628,152.05075109999999,53.2,29.3,62.1,2.2,346.0,1.6,76.6,0.0,#fbfff1,#ff792c,#ffb089
697,-28.10706238,151.83452140000003,67.3,38.4,410.2,3.3,376.3,12.1,619.6,31.0,#4dff4b,#78ff32,#73ffff
698,-27.90899398,151.65900109999998,68.8,43.4,73.3,1.9,411.8,1.1,131.3,9.1,#fbf5ff,#ffa237,#ff9ab3
699,-28.21262069,152.02405480000002,134.0,65.8,364.9,1.8,447.5,1.5,656.8,105.7,#97ff8b,#84ff4f,#8dacff
700,-28.20801344,152.0385685,98.1,88.3,299.2,1.9,581.6,6.5,544.0,17.4,#9bffb6,#b7ff38,#c6ceff
701,-28.16455484,151.8549483,24.4,14.1,54.2,0.7,141.8,1.0,75.0,12.7,#afffab,#ffed4d,#fefeff
702,-27.90741376,151.6618294,45.9,23.8,41.5,2.0,284.4,0.4,54.6,4.5,#ffe8ed,#ff6b2c,#ff917a
703,-28.20670024,152.01807069999998,65.4,41.0,53.5,1.4,257.2,2.7,165.8,1.0,#fbd7ff,#f1ff38,#f78eff
704,-28.20411936,152.0368668,452.1,287.3,438.3,6.3,558.8,1.7,2009.0,23.9,#fae9ff,#3aff1b,#8848ff
705,-28.15702108,151.89796909999998,44.5,25.5,49.5,1.0,270.0,0.1,81.0,2.0,#fffdf9,#ff9b33,#ff9ca0
706,-28.16497479,151.8825867,160.0,115.0,540.0,4.2,380.0,5.1,1200.0,84.0,#89ff92,#45ff2a,#5b7bff
707,-28.21006286,152.04245500000002,85.4,78.0,323.3,2.9,794.2,5.8,409.9,35.9,#86ff9e,#ffe940,#e2ffdc
708,-28.20426287,152.0356643,72.0,41.5,120.0,2.6,470.0,1.3,175.0,4.0,#d1ffcd,#ffb836,#ffd8c5
709,-26.74897719,150.6299871,0.2,1.8,7.1,0.3,0.4,0.0,7.0,1.1,#35ff8f,#1cff2c,#2b73ff
710,-27.79925327,151.3824783,51.0,32.5,100.0,3.0,335.0,3.4,135.0,6.2,#bfffc3,#ffc139,#ffead2
711,-26.80854052,150.8737749,135.0,135.0,1250.0,2.8,600.0,9.5,2050.0,240.0,#42ff51,#45ff33,#49ccff
712,-26.88338007,150.96638959999999,87.0,83.0,780.0,6.5,570.0,5.0,1200.0,135.0,#42ff50,#63ff3c,#5eebff
713,-27.27770996,151.35506730000003,32.0,32.0,570.0,2.2,435.0,7.1,760.0,50.0,#23ff2b,#70ff34,#4bffcf
714,-27.44843667,151.3801903,90.0,120.0,570.0,5.4,480.0,5.9,1050.0,160.0,#63ff89,#64ff46,#6bacff
715,-27.25349682,151.15872199999998,17.0,15.0,210.0,1.3,360.0,16.5,155.0,30.5,#2fff37,#ffc14a,#7fff69
716,-26.73092143,150.6402645,2.3,3.0,60.0,3.0,25.0,0.0,69.0,5.6,#1bff25,#4dff2f,#36ffe9
717,-26.78088933,150.6048445,175.0,185.0,1100.0,7.5,295.0,2.1,210.0,440.0,#5eff76,#bccbff,#7bd4ff
718,-27.836793,151.5853555,54.0,62.0,385.0,2.3,600.0,4.6,485.0,69.0,#57ff70,#ccff4c,#a1ffd6
719,-27.15964168,151.181911,44.5,43.5,540.0,2.0,610.0,15.5,610.0,135.0,#32ff3d,#b6ff60,#6bffb7
720,-27.4875809,151.3105032,42.0,33.0,85.0,1.5,410.0,2.9,48.0,30.5,#c3ffd9,#ff4d38,#ffe37c
721,-27.8926559,151.5249701,59.0,42.5,110.0,1.1,395.0,2.7,155.0,5.5,#cbffda,#ffbe38,#ffd4c9
722,-27.27632448,151.3480469,35.0,39.0,620.0,4.2,450.0,5.8,860.0,51.0,#25ff30,#67ff31,#4cffdb
723,-27.61615444,151.25137880000003,17.0,8.7,91.0,1.2,239.0,2.5,48.0,5.2,#56ff50,#ff6d2e,#baff70
724,-28.18349086,151.9811595,69.0,44.5,160.0,2.7,435.0,1.2,265.0,2.7,#adffb1,#f8ff39,#faf9ff
725,-28.20227046,151.9866576,44.5,21.5,39.5,2.3,230.0,0.6,74.0,2.0,#ffe4e4,#ffa434,#ff97b1
726,-28.131408,151.8344504,55.0,36.0,56.0,1.6,325.0,1.4,110.0,2.0,#f7ecff,#ffaa34,#ff96b8
727,-28.17556745,151.97234650000001,59.0,37.0,50.0,2.0,290.0,2.4,120.0,3.2,#fbdcff,#ffc638,#ff90d8
728,-28.34078999,152.2639254,42.2,30.1,39.3,0.9,328.9,2.0,35.8,2.6,#eddaff,#ff411e,#ff8a55
729,-28.1046135,151.82242069999998,40.5,24.5,76.0,1.5,320.0,1.3,65.0,4.7,#c2ffc2,#ff702d,#ffeb90
730,-28.25646926,152.0882716,44.0,22.8,129.0,3.8,202.8,1.1,204.0,6.0,#8eff85,#abff37,#b6e4ff
731,-28.04370162,151.7943132,49.2,30.0,56.1,1.3,335.0,2.0,70.5,0.0,#feffff,#ff742a,#ffa582
732,-28.12298081,151.8333691,36.9,31.5,103.9,1.2,398.4,6.5,71.9,4.1,#a2ffba,#ff6328,#fcff82
733,-28.20821185,152.03042549999998,240.0,145.0,510.0,2.7,560.0,4.0,1150.0,71.0,#b4ffb4,#60ff30,#7e77ff
734,-28.14635115,151.85744340000002,37.6,29.7,188.0,1.5,453.9,3.3,180.2,2.3,#67ff73,#ffc036,#c8ffa8
735,-27.81189188,151.39781399999998,66.0,37.0,115.0,2.0,425.0,4.0,135.0,9.2,#ccffc6,#ffa036,#ffe3b9
736,-27.69369261,151.44165,43.0,29.0,125.0,2.5,425.0,5.9,100.0,8.5,#95ff9c,#ff7c30,#eeff9a
737,-27.39612743,151.3418789,55.0,77.0,450.0,8.7,445.0,7.5,690.0,100.0,#51ff73,#80ff4a,#7ce4ff
738,-27.26279724,151.159153,23.0,17.0,212.0,1.3,384.0,8.5,161.0,35.0,#39ff3f,#ffc44e,#8bff77
739,-27.07275105,151.4722407,83.6,100.0,325.0,1.7,623.7,8.8,549.0,10.7,#89ffb7,#c1ff37,#cedeff
740,-27.51805824,151.35224340000002,41.0,29.0,85.0,2.0,385.0,4.7,46.0,12.0,#bdffc9,#ff4727,#ffee6e
741,-27.32523719,151.247924,38.4,49.0,409.0,1.9,457.1,3.7,474.0,109.0,#40ff56,#aeff63,#7cffd9
742,-27.19323353,151.27506540000002,29.9,36.7,594.1,3.8,469.6,2.5,735.5,43.0,#23ff2f,#77ff34,#4fffc7
743,-27.25468948,151.2009876,19.0,13.0,229.0,1.2,444.0,2.5,139.0,22.0,#2bff2d,#ff9f3e,#87ff5d
744,-27.22119473,151.19442719999998,56.0,70.0,562.0,3.3,433.0,1.7,795.0,135.0,#43ff59,#71ff4d,#65edff
745,-27.1769451,151.2607934,41.6,42.3,593.2,4.6,457.8,1.2,837.1,39.0,#2cff36,#68ff2e,#53ffe3
746,-27.4092724,151.7686594,68.3,88.6,189.9,0.6,296.6,1.8,492.4,17.6,#a1ffee,#72ff2f,#9e87ff
747,-27.14119525,151.145816,7.2,5.1,160.0,0.8,380.0,7.4,52.0,6.7,#17ff19,#ff4e24,#88ff30
748,-27.21675039,151.1808163,22.0,21.0,158.0,1.6,350.0,1.0,118.0,23.0,#51ff61,#ffaa45,#b4ff91
749,-27.24147274,151.1641502,16.0,18.0,249.0,1.5,408.0,8.5,183.0,44.0,#2aff37,#ffcf54,#72ff65
750,-27.49471005,151.36999319999998,47.0,45.0,173.0,3.5,441.0,7.4,186.0,31.0,#89ffa5,#ffc647,#ebffd6
